"Latest: Time (s)","Latest: Position (m)","Latest: Velocity (m/s)","Latest: Acceleration (m/sÂ²)"
0.05,0.8236063,-0.488357222222,-1.35460762963
0.1,0.8009826,-0.545540111111,-1.63198301852
0.15,0.7731779,-0.6350179,-1.96484627778
0.2,0.7389833,-0.752876055556,-2.06896732099
0.25,0.6971899,-0.861389222222,-1.766721
0.3,0.6521152,-0.948027055556,-1.08989690741
0.35,0.5989236,-0.967695666667,-0.4274325
0.4,0.5550578,-0.971245611111,-0.0972237037037
0.45,0.5029024,-0.984965666667,0.328289907407
0.5,0.4535102,-0.942558222222,0.823523148148
0.55,0.4089536,-0.897368388889,1.26929169753
0.6,0.3630154,-0.826273555556,1.89698157407
0.65,0.3239852,-0.708645666667,2.52189972222
0.7,0.2909995,-0.562042555556,2.91729743827
0.75,0.2678577,-0.410450333333,3.13850268519
0.8,0.2493788,-0.241971888889,3.10108435185
0.85,0.2433343,-0.082896,2.63586040123
0.9,0.2407438,0.0651462777778,1.50622117284
0.95,0.2599135,0.0437506666667,0.922345925926
1,0.2433343,0.0558396666667,2.14670364198
1.05,0.2540417,0.267493111111,3.28684345679
1.1,0.2726933,0.450842944444,3.26045873457
1.15,0.3008434,0.610398555556,2.74443753086
1.2,0.3352107,0.726491333333,2.08290058642
1.25,0.3745863,0.814472388889,1.49987817901
1.3,0.4177613,0.874053888889,0.972610154321
1.35,0.462836,0.910416833333,0.487664290123
1.4,0.5098104,0.922505833333,0.0138586419753
1.45,0.556094,0.909553333333,-0.430683950617
1.5,0.600996,0.882976722222,-0.931727160494
1.55,0.6460707,0.820420944444,-1.48516669753
1.6,0.6845828,0.724572444444,-1.85796416667
1.65,0.7180866,0.629299611111,-2.12154487654
1.7,0.7483091,0.515605444444,-2.42025191358
1.75,0.770242,0.387423666667,-2.7106970679
1.8,0.7876847,0.243890777778,-2.9733716358
1.85,0.7954562,0.082896,-3.07869731481
1.9,0.7954562,-0.0700394444444,-3.03392324074
1.95,0.7887209,-0.225085666667,-2.87294978395
2,0.7721417,-0.363149722222,-2.59044669753
2.05,0.7514177,-0.480681666667,-2.34445580247
2.1,0.7244765,-0.598693333333,-2.06941506173
2.15,0.6904546,-0.693582388889,-1.68819580247
2.2,0.6540149,-0.764677222222,-1.32739138889
2.25,0.6141212,-0.829343777778,-0.889138487654
2.3,0.5697373,-0.862060833333,-0.307555246914
2.35,0.5262169,-0.858031166667,0.222964228395
2.4,0.4828692,-0.829343777778,0.562927376543
2.45,0.4433209,-0.794995666667,0.784345833333
2.5,0.4037726,-0.760839444444,1.1736670679
2.55,0.3652605,-0.687058166667,1.72417496914
2.6,0.3334837,-0.579696333333,2.12591567901
2.65,0.307406,-0.465810277778,2.33971188272
2.7,0.2865093,-0.343673,2.45740373457
2.75,0.2723479,-0.211077777778,2.40234228395
2.8,0.2668215,-0.101509222222,2.31465972222
2.85,0.2621586,0.00911472222222,2.4112437963
2.9,0.2664761,0.140270777778,2.49450225309
2.95,0.2764927,0.267013388889,2.42552885802
3,0.29359,0.386272333333,2.26466200617
3.05,0.3155229,0.494593611111,2.05299790123
3.1,0.3433276,0.593992055556,1.77992935185
3.15,0.3756225,0.6761205,1.42775993827
3.2,0.4117168,0.738868166667,1.02303429012
3.25,0.4504016,0.779356722222,0.589418703704
3.3,0.490468,0.798065888889,0.14988654321
3.35,0.5310525,0.794707833333,-0.280317685185
3.4,0.5711189,0.766404222222,-0.640482469136
3.45,0.6080767,0.725148111111,-0.914137345679
3.5,0.6433075,0.681877166667,-1.29743540123
3.55,0.6781929,0.601091944444,-1.76836271605
3.6,0.704616,0.494209833333,-2.05683567901
3.65,0.7268943,0.392412777778,-2.27212435185
3.7,0.7448551,0.270563333333,-2.50905382716
3.75,0.754699,0.134897888889,-2.61214080247
3.8,0.7579803,0.003454,-2.59599015432
3.85,0.7548717,-0.125303444444,-2.53767725309
3.9,0.7453732,-0.250510944444,-2.44567719136
3.95,0.7300029,-0.375334666667,-2.2437141358
4,0.7068611,-0.480873555556,-1.91771623457
4.05,0.6809561,-0.564057388889,-1.62140780864
4.1,0.6507336,-0.645706111111,-1.27744697531
4.15,0.6146393,-0.693102666667,-0.904542901235
4.2,0.5813082,-0.732248,-0.577052530864
4.25,0.5412418,-0.759208388889,-0.110549320988
4.3,0.5032478,-0.744720777778,0.363469537037
4.35,0.4659446,-0.710756444444,0.636484783951
4.4,0.4327862,-0.679478555556,0.87586617284
4.45,0.3973827,-0.633233333333,1.27328938272
4.5,0.3676783,-0.551680555556,1.66303703704
4.55,0.341946,-0.459477944444,1.91547753086
4.6,0.3213947,-0.356817388889,2.07767694444
4.65,0.3060244,-0.249071777778,2.1653062037
4.7,0.2963532,-0.137872166667,2.19851364198
4.75,0.2923811,-0.0284955,2.20816138889
4.8,0.2934173,0.0824162777778,2.2162633642
4.85,0.300498,0.194959111111,2.18214978395
4.9,0.3131051,0.303184444444,2.09137567901
4.95,0.3310659,0.405940944444,1.94452737654
5,0.354035,0.499774611111,1.72246929012
5.05,0.3811489,0.585069222222,1.35915966049
5.1,0.4137892,0.642923722222,0.87336095679
5.15,0.447293,0.6640315,0.53227845679
5.2,0.4797606,0.687058166667,0.339483425926
5.25,0.5158549,0.7054795,0.0200950308642
5.3,0.5514311,0.699435,-0.466503209877
5.35,0.5878708,0.653573555556,-0.869842993827
5.4,0.6168844,0.599077111111,-1.04995203704
5.45,0.6467615,0.555422388889,-1.3268583642
5.5,0.6743935,0.474733111111,-1.72534762346
5.55,0.6952902,0.373032,-1.95678694444
5.6,0.7113513,0.271810611111,-2.05859466049
5.65,0.7222314,0.171260833333,-2.19979290123
5.7,0.7293121,0.0556477777778,-2.37553114198
5.75,0.728794,-0.0768515,-2.35021246914
5.8,0.7205044,-0.189778111111,-2.12431660494
5.85,0.7089335,-0.285146888889,-1.94420756173
5.9,0.6921816,-0.380515666667,-1.80759333333
5.95,0.6707668,-0.469360222222,-1.60051324074
6,0.6450345,-0.549761666667,-1.23725691358
6.05,0.6137758,-0.592648833333,-0.872348209877
6.1,0.585453,-0.624982111111,-0.68584287037
6.15,0.5524673,-0.6692125,-0.360271388889
6.2,0.5165457,-0.674201611111,0.170461296296
6.25,0.4830419,-0.641484555556,0.521937777778
6.3,0.4528194,-0.6087675,0.651196265432
6.35,0.4229423,-0.584013833333,0.894148919753
6.4,0.3928925,-0.529997111111,1.31518512346
6.45,0.3685418,-0.446909222222,1.64539391975
6.5,0.3481632,-0.357393055556,1.81825382716
6.55,0.3326202,-0.262216166667,1.90806848765
6.6,0.3219128,-0.165887944444,1.96616817901
6.65,0.3158683,-0.0657219444444,2.01552626543
6.7,0.3151775,0.0374183333333,2.02288200617
6.75,0.3196677,0.139311333333,1.96984604938
6.8,0.3293389,0.236215222222,1.86867796296
6.85,0.3435003,0.327362444444,1.73003824074
6.9,0.3623246,0.411409777778,1.53798944444
6.95,0.385121,0.483464055556,1.29381083333
7,0.4111987,0.542278,1.01541203704
7.05,0.4400396,0.5845895,0.738559012346
7.1,0.4700894,0.615579555556,0.456908765432
7.15,0.5020389,0.632465777778,0.122862191358
7.2,0.5338157,0.634096833333,-0.308034969136
7.25,0.5673195,0.599556833333,-0.690746697531
7.3,0.5942607,0.551872444444,-0.85113382716
7.35,0.6213746,0.517428388889,-1.0555487963
7.4,0.6472796,0.457367166667,-1.4356487037
7.45,0.6685217,0.369769888889,-1.74549595679
7.5,0.6844101,0.274017333333,-1.88978574074
7.55,0.6958083,0.177881,-1.94868496914
7.6,0.7023709,0.0787703888889,-1.97677537037
7.65,0.7037525,-0.0213956111111,-1.96728753086
7.7,0.7001258,-0.119546777778,-1.9212875
7.75,0.6916635,-0.214243944444,-1.85380657407
7.8,0.6785383,-0.305870888889,-1.74768135802
7.85,0.6609229,-0.390877666667,-1.58372296296
7.9,0.6395081,-0.472718277778,-1.2665732716
7.95,0.6117034,-0.518004055556,-0.927196450617
8,0.5876981,-0.557341277778,-0.709455864197
8.05,0.5562667,-0.595527166667,-0.379780092593
8.1,0.5263896,-0.599269,0.0180695370371
8.15,0.4959944,-0.590538055556,0.359791666667
8.2,0.4664627,-0.561370944444,0.646452345679
8.25,0.4391761,-0.518291888889,0.794366697531
8.3,0.4153435,-0.482504611111,0.9541675
8.35,0.390302,-0.432421611111,1.27201012346
8.4,0.3706142,-0.353555277778,1.55979015432
8.45,0.3548985,-0.269316055556,1.71410080247
8.5,0.3435003,-0.179224222222,1.78861765432
8.55,0.3369377,-0.0884607777778,1.80684709877
8.6,0.3346926,0.00201483333333,1.80567444444
8.65,0.3371104,0.0926823333333,1.78637895062
8.7,0.3440184,0.181622833333,1.74458981481
8.75,0.3554166,0.268068777778,1.66847388889
8.8,0.3709596,0.350197222222,1.52541006173
8.85,0.390302,0.428775722222,1.22126617284
8.9,0.4151708,0.479818166667,0.795219537037
8.95,0.4400396,0.497471944444,0.55818345679
9,0.4640449,0.525103944444,0.507386203704
9.05,0.492195,0.556477777778,0.315337407407
9.1,0.5208632,0.564249277778,-0.0319281790123
9.15,0.5490133,0.557725055556,-0.46074654321
9.2,0.578545,0.514358166667,-0.808278641975
9.25,0.6008233,0.461013055556,-0.883648333333
9.3,0.6229289,0.431174333333,-1.03870521605
9.35,0.6455526,0.371209055556,-1.41939145062
9.4,0.6616137,0.281884777778,-1.67806833333
9.45,0.6733573,0.193711833333,-1.75413095679
9.5,0.6809561,0.104963222222,-1.76713675926
9.55,0.683892,0.0165983888889,-1.75919469136
9.6,0.6825104,-0.0701353888889,-1.76633722222
9.65,0.676984,-0.159555611111,-1.76846932099
9.7,0.666622,-0.248975833333,-1.7067983642
9.75,0.6522879,-0.338492,-1.4788237037
9.8,0.6315639,-0.403446388889,-1.12468209877
9.85,0.6108399,-0.445278166667,-0.86040845679
9.9,0.58718,-0.484615388889,-0.680992345679
9.95,0.5621385,-0.515989222222,-0.461652685185
10,0.5350246,-0.534698388889,-0.163212160494
10.05,0.5079107,-0.534122722222,0.174299074074
10.1,0.4809695,-0.517140555556,0.490702530864
10.15,0.4550645,-0.478283055556,0.676035216049
10.2,0.433477,-0.442016055556,0.734667932099
10.25,0.4115441,-0.413328666667,0.938443271605
10.3,0.3906474,-0.356337666667,1.28251070988
10.35,0.3749317,-0.278718611111,1.52018641975
10.4,0.3628427,-0.1977415,1.6249257716
10.45,0.3550712,-0.114077944444,1.66191768519
10.5,0.3514445,-0.0307981666667,1.67161873457
10.55,0.3519626,0.0531532222222,1.67556311728
10.6,0.3567982,0.137008666667,1.66005209877
10.65,0.3656059,0.220864111111,1.58366966049
10.7,0.3787311,0.303184444444,1.35180391975
10.75,0.3970373,0.36267,1.00672373457
10.8,0.4163797,0.395674888889,0.80428095679
10.85,0.4360675,0.434148611111,0.759080462963
10.9,0.459382,0.476843888889,0.631421049383
10.95,0.4845962,0.504284,0.362190277778
11,0.5105012,0.514166277778,0.0381112654321
11.05,0.5362335,0.512535222222,-0.356753425926
11.1,0.5635201,0.476556055556,-0.688721203704
11.15,0.5844168,0.429351388889,-0.764250802469
11.2,0.6053135,0.397977555556,-0.803534722222
11.25,0.6243105,0.3618065,-1.06045262346
11.3,0.6429621,0.2979075,-1.42642737654
11.35,0.6552238,0.210022388889,-1.63404049383
11.4,0.6635134,0.126358833333,-1.67492348765
11.45,0.6678309,0.0426952777778,-1.69075432099
11.5,0.6678309,-0.0420236666667,-1.69933601852
11.55,0.6636861,-0.127318277778,-1.6822792284
11.6,0.6555692,-0.217985777778,-1.51107169753
11.65,0.640717,-0.285626611111,-1.2045825
11.7,0.6260375,-0.333119111111,-0.983430555556
11.75,0.6075586,-0.379172444444,-0.851240432099
11.8,0.5878708,-0.418509666667,-0.724487160494
11.85,0.5655925,-0.454009111111,-0.549335246914
11.9,0.5419326,-0.476556055556,-0.304943425926
11.95,0.5174092,-0.485862666667,-0.0264913271605
12,0.4927131,-0.479434388889,0.258250462963
12.05,0.4688805,-0.458614444444,0.513356080247
12.1,0.4464295,-0.426473055556,0.733282067901
12.15,0.4258782,-0.384641277778,0.93380595679
12.2,0.407572,-0.332831277778,1.12121743827
12.25,0.3922017,-0.271522777778,1.28277722222
12.3,0.3801127,-0.202634666667,1.40297429012
12.35,0.3718231,-0.130004722222,1.49518756173
12.4,0.3669875,-0.0531532222222,1.57444833333
12.45,0.3662967,0.0280157777778,1.61879598765
12.5,0.3694053,0.114557666667,1.54006824074
12.55,0.3783857,0.188722722222,1.32664515432
12.6,0.3890931,0.245617777778,1.12793354938
12.65,0.4029091,0.299442611111,0.972716759259
12.7,0.419661,0.340986555556,0.863180185185
12.75,0.436931,0.3825305,0.806892777778
12.8,0.457655,0.4257055,0.676035216049
12.85,0.4802787,0.454392888889,0.453177592593
12.9,0.5035932,0.470703444444,0.1942875
12.95,0.5272531,0.480393833333,-0.190449722222
13,0.5531581,0.458134722222,-0.660151080247
13.05,0.5749183,0.400951833333,-0.873893981481
13.1,0.592361,0.356337666667,-0.827627438272
13.15,0.609631,0.324196277778,-0.86659154321
13.2,0.6253467,0.282460444444,-1.11801929012
13.25,0.6396808,0.208487277778,-1.32509938272
13.3,0.6455526,0.140558611111,-1.37616314815
13.35,0.6533241,0.0772352777778,-1.51155141975
13.4,0.6547057,-0.0108417222222,-1.62188753086
13.45,0.6517698,-0.0917228888889,-1.59518299383
13.5,0.6457253,-0.175098611111,-1.45270549383
13.55,0.6336363,-0.243315111111,-1.18427425926
13.6,0.6203384,-0.290807611111,-0.964135061728
13.65,0.60445,-0.333406944444,-0.853532438272
13.7,0.58718,-0.376102222222,-0.749592623457
13.75,0.5666287,-0.413328666667,-0.556904197531
13.8,0.5450412,-0.433764833333,-0.313045401235
13.85,0.5229356,-0.444414666667,-0.0558076851852
13.9,0.5001392,-0.4412485,0.23005345679
13.95,0.4780336,-0.421675833333,0.507332901235
14,0.4571369,-0.384161555556,0.670225246914
14.05,0.4402123,-0.352691777778,0.779655216049
14.1,0.4212153,-0.309516777778,0.931194135802
14.15,0.4086082,-0.254060888889,1.00256614198
14.2,0.3968646,-0.212516944444,1.13694166667
14.25,0.3861572,-0.148138222222,1.39444589506
14.3,0.3811489,-0.0662016666667,1.5218387963
14.35,0.37994,0.0105538888889,1.51352361111
14.4,0.3820124,0.089804,1.39892330247
14.45,0.3899566,0.150057111111,1.26913179012
14.5,0.3966919,0.213188555556,1.18064969136
14.55,0.411026,0.276224055556,0.955926481481
14.6,0.4258782,0.310764055556,0.70929595679
14.65,0.4424574,0.337340666667,0.629342253086
14.7,0.4590366,0.3704415,0.610526481481
14.75,0.4794152,0.4049815,0.469594753086
14.8,0.5003119,0.422635277778,0.20724
14.85,0.5218994,0.430790555556,-0.154470555556
14.9,0.5450412,0.405940944444,-0.485105771605
14.95,0.5628293,0.371592833333,-0.617242592593
15,0.5816536,0.3428095,-0.699808117284
15.05,0.5977147,0.304047944444,-0.816220709877
15.1,0.6122215,0.260009444444,-0.929595061728
15.15,0.623447,0.216834444444,-1.1427516358
15.2,0.6353633,0.146219333333,-1.35031145062
15.25,0.6381265,0.0730137222222,-1.38895574074
15.3,0.642444,0.00307022222222,-1.33762546296
15.35,0.6381265,-0.0613085,-1.26513410494
15.4,0.6358814,-0.117340055556,-1.29503679012
15.45,0.6274191,-0.191313222222,-1.30772277778
15.5,0.6161936,-0.254348722222,-1.19178990741
15.55,0.6020322,-0.315753166667,-0.961736450617
15.6,0.5835533,-0.354418777778,-0.652209012346
15.65,0.5657652,-0.375334666667,-0.437240154321
15.7,0.5462501,-0.395770833333,-0.266299135802
15.75,0.5256988,-0.404789611111,-0.0514901851852
15.8,0.5053202,-0.402103166667,0.179629320988
15.85,0.4849416,-0.386943944444,0.402806759259
15.9,0.4657719,-0.355282277778,0.515488179012
15.95,0.4502289,-0.334078555556,0.613618024691
16,0.4320954,-0.304239833333,0.880503487654
16.05,0.4182794,-0.246289388889,1.13779450617
16.1,0.4070539,-0.178936388889,1.18326151235
16.15,0.4010094,-0.121177833333,1.09190108025
16.2,0.395483,-0.0736853333333,1.06226490741
16.25,0.3934106,-0.0218753333333,1.16098108025
16.3,0.3927198,0.0406804444444,1.29770191358
16.35,0.3970373,0.113214444444,1.3282442284
16.4,0.4044634,0.178360722222,1.23166015432
16.45,0.4146527,0.242739444444,0.998301944444
16.5,0.4298503,0.284187444444,0.66857287037
16.55,0.4445298,0.298866944444,0.530839290123
16.6,0.4586912,0.328225944444,0.555251820988
16.65,0.4769974,0.361902444444,0.463944691358
16.7,0.4958217,0.380035944444,0.259423117284
16.75,0.5153368,0.387327722222,0.0322479938272
16.8,0.5346792,0.387615555556,-0.272961944444
16.85,0.5555759,0.358832222222,-0.555038611111
16.9,0.5704281,0.3272665,-0.739305246914
16.95,0.5887343,0.285338777778,-0.898519722222
17,0.5997871,0.230074777778,-0.923731790123
17.05,0.6106672,0.190641611111,-0.919360987654
17.1,0.6187841,0.149577388889,-1.09771104938
17.15,0.6272464,0.0814568333333,-1.27856632716
17.2,0.6270737,0.00853905555556,-1.22670302469
17.25,0.626901,-0.0432709444444,-1.12148395062
17.3,0.6231016,-0.100261944444,-1.06748854938
17.35,0.6161936,-0.145355833333,-1.08475854938
17.4,0.6098037,-0.209446722222,-1.08486515432
17.45,0.5949515,-0.267301222222,-0.857210308642
17.5,0.5809628,-0.2892725,-0.708016697531
17.55,0.5674922,-0.331488055556,-0.648424537037
17.6,0.5476317,-0.366411833333,-0.386336296296
17.65,0.5291528,-0.371209055556,-0.0994091049383
17.7,0.5105012,-0.370633388889,0.103300185185
17.75,0.4918496,-0.361134888889,0.295402283951
17.8,0.4738888,-0.341274388889,0.476470771605
17.85,0.4573096,-0.311627555556,0.62417191358
17.9,0.4426301,-0.277663222222,0.748739783951
17.95,0.4293322,-0.238038166667,0.895694691358
18,0.4184521,-0.188914611111,1.05128459877
18.05,0.4101625,-0.132787111111,1.18347472222
18.1,0.4044634,-0.0642827777778,1.1843808642
18.15,0.4042907,-0.00671611111111,1.04989873457
18.2,0.4046361,0.0369386111111,0.982097993827
18.25,0.4079174,0.0816487222222,1.07319191358
18.3,0.4115441,0.146603111111,1.1146079321
18.35,0.4227696,0.207048111111,0.910725987654
18.4,0.4338224,0.2391895,0.670651666667
18.45,0.4469476,0.264231,0.592563549383
18.5,0.4597274,0.295221055556,0.577425648148
18.55,0.4763066,0.328321888889,0.455576203704
18.6,0.4934039,0.345112166667,0.242686141975
18.65,0.511192,0.351828277778,0.0274507716049
18.7,0.5289801,0.347414833333,-0.178350061728
18.75,0.5464228,0.332927222222,-0.371145092593
18.8,0.5624839,0.310092444444,-0.575027037037
18.85,0.5773361,0.282460444444,-0.872934537037
18.9,0.5927064,0.221056,-1.1066658642
18.95,0.5999598,0.150057111111,-0.964241666667
19,0.6047954,0.126071,-0.8246425
19.05,0.6137758,0.084623,-0.964241666667
19.1,0.6144666,0.0228347777778,-1.01216058642
19.15,0.6146393,-0.0183253888889,-1.02351401235
19.2,0.6139485,-0.0803055,-0.993398117284
19.25,0.6058316,-0.126166944444,-0.826348179012
19.3,0.6003052,-0.155621888889,-0.799430432099
19.35,0.5909794,-0.197549611111,-0.912005246914
19.4,0.5811355,-0.249071777778,-0.967546419753
19.45,0.5666287,-0.308557333333,-0.750765277778
19.5,0.5484952,-0.333694777778,-0.34662595679
19.55,0.5320887,-0.334462333333,-0.0814994753086
19.6,0.5153368,-0.334654222222,0.0489316666667
19.65,0.4985849,-0.331584,0.191302561728
19.7,0.4816603,-0.318055833333,0.372637561728
19.75,0.46629,-0.293302166667,0.540593641975
19.8,0.4521286,-0.262216166667,0.675022469136
19.85,0.4398669,-0.225565388889,0.800070061728
19.9,0.4293322,-0.1821985,0.913710925926
19.95,0.421388,-0.133746555556,1.00858932099
20,0.4155162,-0.0767555555556,1.02212814815
20.05,0.41448,-0.0313738333333,1.02036916667
20.1,0.4118895,0.0216834444444,1.0641837963
20.15,0.416207,0.0812649444444,0.99670287037
20.2,0.4210426,0.1234805,0.879970462963
20.25,0.428296,0.167327111111,0.783546296296
20.3,0.4379672,0.205033277778,0.646665555556
20.35,0.4497108,0.227964,0.584621481481
20.4,0.4602455,0.257994611111,0.605516049383
20.45,0.474925,0.295988611111,0.495233240741
20.5,0.4909861,0.313162666667,0.280904012346
20.55,0.5067018,0.320646333333,0.102020925926
20.6,0.5231083,0.321893611111,-0.065135617284
20.65,0.538824,0.319974722222,-0.316296851852
20.7,0.5566121,0.291095444444,-0.574174197531
20.75,0.5683557,0.250990666667,-0.631154537037
20.8,0.5804447,0.229978833333,-0.699861419753
20.85,0.5928791,0.183733611111,-0.813822098765
20.9,0.5982328,0.144588277778,-0.870749135802
20.95,0.6072132,0.105059166667,-1.0591733642
21,0.6106672,0.0325251666667,-1.13011895062
21.05,0.6089402,-0.0159267777778,-1.04371564815
21.1,0.6094583,-0.0689840555556,-0.978580030864
21.15,0.6022049,-0.12089,-0.807105987654
21.2,0.5954696,-0.142669388889,-0.768515
21.25,0.5892524,-0.186132222222,-0.906941512346
21.3,0.5780269,-0.246481277778,-0.815261265432
21.35,0.563002,-0.279582111111,-0.507812623457
21.4,0.5490133,-0.291095444444,-0.280424290123
21.45,0.5341611,-0.302033111111,-0.152125246914
21.5,0.5186181,-0.307501944444,-0.0187624691358
21.55,0.5030751,-0.305774944444,0.152871481481
21.6,0.4877048,-0.294069722222,0.363203024691
21.65,0.473198,-0.270755222222,0.580197376543
21.7,0.4597274,-0.230650444444,0.686535802469
21.75,0.4504016,-0.193999666667,0.644266944444
21.8,0.4410758,-0.169246,0.646452345679
21.85,0.4329589,-0.135281666667,0.747460524691
21.9,0.4270871,-0.0934498888889,0.840313425926
21.95,0.4234604,-0.0472046666667,0.876932222222
22,0.4229423,-0.0077715,0.935138518518
22.05,0.4220788,0.041448,1.05378981481
22.1,0.4260509,0.1079375,0.984016882716
22.15,0.4345132,0.1459315,0.792607716049
22.2,0.4405577,0.182582277778,0.667453518518
22.25,0.4529921,0.212612888889,0.552160277778
22.3,0.4623179,0.233624722222,0.514741944444
22.35,0.4756158,0.265670166667,0.443423240741
22.4,0.4896045,0.283228,0.277386049383
22.45,0.504284,0.293014333333,0.112414907407
22.5,0.5193089,0.293110277778,-0.0336871604938
22.55,0.5338157,0.287353611111,-0.14802095679
22.6,0.5478044,0.281980722222,-0.332607407407
22.65,0.5628293,0.259721611111,-0.61617654321
22.7,0.5747456,0.216834444444,-0.835036481481
22.75,0.5844168,0.1718365,-0.948570740741
22.8,0.5925337,0.116860333333,-0.94185462963
22.85,0.5956423,0.0706151111111,-0.804067746914
22.9,0.5985782,0.0416398888889,-0.745435030864
22.95,0.6006506,0.000959444444445,-0.775337716049
23,0.5987509,-0.0408723333333,-0.748633179012
23.05,0.5956423,-0.0698475555556,-0.797138425926
23.1,0.5927064,-0.114749555556,-0.934498888889
23.15,0.5847622,-0.170493277778,-0.93753712963
23.2,0.5749183,-0.213956111111,-0.813875401235
23.25,0.5635201,-0.256075722222,-0.586860185185
23.3,0.5483225,-0.276895666667,-0.284421975309
23.35,0.5348519,-0.278142944444,-0.0967439814815
23.4,0.5208632,-0.281692888889,-0.00309154320988
23.45,0.5065291,-0.2806375,0.113587561728
23.5,0.4923677,-0.271234944444,0.248869228395
23.55,0.4792425,-0.256171666667,0.401101080247
23.6,0.4664627,-0.232473388889,0.565325987654
23.65,0.4554099,-0.198029333333,0.685096635802
23.7,0.4462568,-0.156389444444,0.680192808642
23.75,0.4409031,-0.130868222222,0.68706882716
23.8,0.4327862,-0.0987268333333,0.870429320988
23.85,0.4293322,-0.0375142777778,0.951289166667
23.9,0.4303684,0.00374183333333,0.895481481481
23.95,0.4295049,0.0481641111111,0.868563734568
24,0.4346859,0.0966160555556,0.733015555556
24.05,0.440385,0.123864277778,0.576306296296
24.1,0.4474657,0.144684222222,0.583235617284
24.15,0.4540283,0.177785055556,0.664788395062
24.2,0.4647357,0.219616833333,0.601731574074
24.25,0.4769974,0.243698888889,0.422635277778
24.3,0.4894318,0.259337833333,0.270403425926
24.35,0.5030751,0.269795777778,0.128832067901
24.4,0.5167184,0.271906555556,-0.00575666666666
24.45,0.530189,0.272770055556,-0.194713919753
24.5,0.5452139,0.251182555556,-0.365281820988
24.55,0.5550578,0.231034222222,-0.457175277778
24.6,0.5680103,0.211653444444,-0.6433075
24.65,0.5775088,0.168670333333,-0.830932191358
24.7,0.585453,0.117052222222,-0.810943765432
24.75,0.5883889,0.0784825555556,-0.639949444444
24.8,0.5918429,0.0645706111111,-0.669105895062
24.85,0.5963331,0.0242739444444,-0.92021382716
24.9,0.5952969,-0.0347318888889,-1.04366234568
24.95,0.5927064,-0.0924904444444,-0.933486141975
25,0.5851076,-0.132691166667,-0.714306388889
25.05,0.5787177,-0.157444833333,-0.594695648148
25.1,0.56991,-0.188914611111,-0.539261080247
25.15,0.559548,-0.214339888889,-0.444169475309
25.2,0.5481498,-0.233624722222,-0.339483425926
25.25,0.5360608,-0.248304222222,-0.225256234568
25.3,0.5231083,-0.257227055556,-0.0905075925926
25.35,0.5099831,-0.257898666667,0.0552746604938
25.4,0.4970306,-0.2512785,0.1942875
25.45,0.4845962,-0.237942222222,0.322959660494
25.5,0.4730253,-0.218753333333,0.444862407407
25.55,0.4624906,-0.193615888889,0.564899567901
25.6,0.4533375,-0.1614745,0.670065339506
25.65,0.4462568,-0.125495333333,0.750072345679
25.7,0.4407304,-0.0873094444444,0.827467530864
25.75,0.436931,-0.0392412777778,0.831678425926
25.8,0.4372764,0.000767555555556,0.742983117284
25.85,0.4374491,0.032813,0.678540432099
25.9,0.4402123,0.0679286666667,0.628329506173
25.95,0.4445298,0.0976714444444,0.564899567901
26,0.4505743,0.118875166667,0.598160308642
26.05,0.4555826,0.153703,0.682644722222
26.1,0.4654265,0.196398277778,0.59949287037
26.15,0.4763066,0.219808722222,0.396090648148
26.2,0.4878775,0.232569333333,0.235703518519
26.25,0.4996211,0.240724611111,0.123501820988
26.3,0.5120555,0.245234,0.0181761419753
26.35,0.5244899,0.243219166667,-0.104526141975
26.4,0.5365789,0.234488222222,-0.233304907407
26.45,0.5478044,0.224318111111,-0.422795185185
26.5,0.5604115,0.190353777778,-0.568524135802
26.55,0.5668014,0.155525944444,-0.517780185185
26.6,0.5744002,0.144492333333,-0.561008487654
26.65,0.5826898,0.108992888889,-0.759773395062
26.7,0.5859711,0.0612125555556,-0.843564876543
26.75,0.5882162,0.020724,-0.855131512346
26.8,0.5882162,-0.0233145,-0.858596172839
26.85,0.5857984,-0.0650503333333,-0.839673796296
26.9,0.5821717,-0.111871222222,-0.737119845679
26.95,0.5738821,-0.145259888889,-0.531798734568
27,0.5662833,-0.155238111111,-0.485958611111
27.05,0.5598934,-0.188434888889,-0.52550904321
27.1,0.547459,-0.220096555556,-0.363682746914
27.15,0.5364062,-0.226524833333,-0.165504166667
27.2,0.5248353,-0.230266666667,-0.0637497530864
27.25,0.5134371,-0.231993666667,0.0135921296296
27.3,0.5015208,-0.230938277778,0.119131018519
27.35,0.4899499,-0.221439777778,0.253613148148
27.4,0.4790698,-0.204841388889,0.385803271605
27.45,0.4693986,-0.183349833333,0.523696759259
27.5,0.4604182,-0.1545665,0.675502191358
27.55,0.4529921,-0.109472611111,0.703166172839
27.6,0.4502289,-0.0766596111111,0.588938981481
27.65,0.4459114,-0.0549761666667,0.543045555556
27.7,0.4441844,-0.0254252777778,0.568630740741
27.75,0.443839,-0.00115133333333,0.657912376543
27.8,0.4433209,0.0368426666667,0.790582222222
27.85,0.4466022,0.0891323888889,0.724540462963
27.9,0.4538556,0.1148455,0.555465030864
27.95,0.4583458,0.134706,0.536969074074
28,0.46629,0.169150055556,0.511010771605
28.05,0.4759612,0.191601055556,0.393425524691
28.1,0.4858051,0.20724,0.284208765432
28.15,0.4966852,0.219712777778,0.17392595679
28.2,0.5080834,0.225181611111,0.0602317901234
28.25,0.5194816,0.225181611111,-0.0520765123457
28.3,0.5307071,0.220000611111,-0.174299074074
28.35,0.5414145,0.212516944444,-0.361870462963
28.4,0.5533308,0.181718777778,-0.501309722222
28.45,0.559548,0.150344944444,-0.44347654321
28.5,0.5668014,0.142861277778,-0.476737283951
28.55,0.575091,0.113790111111,-0.697302901235
28.6,0.5790631,0.0676408333333,-0.828160462963
28.65,0.5814809,0.0256171666667,-0.85113382716
28.7,0.581999,-0.0222591111111,-0.770647098765
28.75,0.5781996,-0.0514262222222,-0.677580987654
28.8,0.5771634,-0.0844311111111,-0.671237993827
28.85,0.5702554,-0.123768333333,-0.580517191358
28.9,0.5636928,-0.144300444444,-0.462878641975
28.95,0.5559213,-0.165408222222,-0.416025771605
29,0.5472863,-0.186420055556,-0.360751111111
29.05,0.537097,-0.203881944444,-0.264806666667
29.1,0.5265623,-0.213860166667,-0.143810061728
29.15,0.5155095,-0.218177666667,-0.0209478703704
29.2,0.5044567,-0.215683111111,0.0975968209876
29.25,0.4937493,-0.207815666667,0.204947993827
29.3,0.48356,-0.195918555556,0.319601604938
29.35,0.4737161,-0.1752905,0.42188904321
29.4,0.4659446,-0.151496277778,0.486491635802
29.45,0.4586912,-0.128181777778,0.573907685185
29.5,0.4526467,-0.094985,0.663509135802
29.55,0.44902,-0.0589098888889,0.688774506173
29.6,0.4466022,-0.0206280555556,0.616283148148
29.65,0.4478111,0.00297427777778,0.540113919753
29.7,0.4469476,0.0256171666667,0.59826691358
29.75,0.4495381,0.0623638888889,0.667666728395
29.8,0.4533375,0.0971917222222,0.65258212963
29.85,0.459382,0.130004722222,0.580463888889
29.9,0.4666354,0.155909722222,0.482227438272
29.95,0.4750977,0.177976944444,0.382445216049
30,0.4845962,0.195151,0.264486851852
30.05,0.4949582,0.204745444444,0.142424197531
30.1,0.5053202,0.208199444444,0.0420556481481
30.15,0.5158549,0.208295388889,-0.0400834567901
30.2,0.5263896,0.203881944444,-0.116625802469
30.25,0.5364062,0.195534777778,-0.193114845679
30.3,0.5455593,0.189490277778,-0.358405802469
30.35,0.5562667,0.165792,-0.610579783951
30.4,0.5635201,0.117627888889,-0.664521882716
30.45,0.5668014,0.0896121111111,-0.543845092593
30.5,0.5719824,0.0693678333333,-0.516341018518
30.55,0.5740548,0.0453817222222,-0.620334135802
30.6,0.5773361,0.00614044444444,-0.72160882716
30.65,0.5744002,-0.031086,-0.738825524691
30.7,0.5742275,-0.0678327222222,-0.728165030864
30.75,0.5680103,-0.109472611111,-0.609247222222
30.8,0.5621385,-0.130196611111,-0.463784783951
30.85,0.5550578,-0.150824666667,-0.400994475309
30.9,0.5471136,-0.170013555556,-0.34726558642
30.95,0.5379605,-0.187187611111,-0.269124166667
31,0.5281166,-0.198125277778,-0.164065
31.05,0.5179273,-0.203498166667,-0.0568204320988
31.1,0.5075653,-0.203594111111,0.0481854320988
31.15,0.497376,-0.198605,0.151805432099
31.2,0.4875321,-0.188818666667,0.261768425926
31.25,0.4782063,-0.172412166667,0.370345555556
31.3,0.4700894,-0.1511125,0.469861265432
31.35,0.4630087,-0.125495333333,0.561808024691
31.4,0.4573096,-0.0956566111111,0.650556635802
31.45,0.4528194,-0.0545923888889,0.629821975309
31.5,0.4528194,-0.0301265555556,0.554079166667
31.55,0.4495381,-0.00249455555556,0.535636512346
31.6,0.4526467,0.0237942222222,0.523110432099
31.65,0.4523013,0.0446141666667,0.601038641975
31.7,0.455928,0.0855824444444,0.641335308642
31.75,0.4614544,0.115900888889,0.551467345679
31.8,0.4678443,0.140462666667,0.451258703704
31.85,0.4756158,0.160323166667,0.35462132716
31.9,0.4840781,0.175386444444,0.270243518519
31.95,0.4932312,0.187667333333,0.179309506173
32,0.5030751,0.1942875,0.0703059567902
32.05,0.512919,0.194767222222,-0.0403499691357
32.1,0.5227629,0.189778111111,-0.140825123457
32.15,0.5320887,0.179799888889,-0.218753333333
32.2,0.5408964,0.166943333333,-0.28186345679
32.25,0.5488406,0.150920611111,-0.339057006173
32.3,0.5557486,0.137584333333,-0.473379228395
32.35,0.5636928,0.103907833333,-0.612018950617
32.4,0.5659379,0.0713826666667,-0.64885095679
32.45,0.5709462,0.0375142777778,-0.640109351852
32.5,0.56991,0.00134322222222,-0.533824228395
32.55,0.5695646,-0.0107457777778,-0.517620277778
32.6,0.56991,-0.0402966666667,-0.666707283951
32.65,0.5666287,-0.0875972777778,-0.652155709877
32.7,0.559548,-0.110240166667,-0.545017746914
32.75,0.5559213,-0.136145166667,-0.508398950617
32.8,0.5464228,-0.166847388889,-0.372744166667
32.85,0.5379605,-0.175194555556,-0.212996666667
32.9,0.5289801,-0.183157944444,-0.132136820988
32.95,0.5196543,-0.188338944444,-0.0583129012346
33,0.5099831,-0.190257833333,0.0297960802469
33.05,0.5003119,-0.185460611111,0.12398154321
33.1,0.4913315,-0.177113444444,0.208679166667
33.15,0.4825238,-0.165600111111,0.308941111111
33.2,0.4744069,-0.146507166667,0.409895987654
33.25,0.4676716,-0.122712944444,0.475031604938
33.3,0.4621452,-0.0978633333333,0.515274969136
33.35,0.4578277,-0.0713826666667,0.552799907407
33.4,0.4548918,-0.0425033888889,0.585047901235
33.45,0.4535102,-0.012089,0.600239104938
33.5,0.4536829,0.0184213333333,0.596134814815
33.55,0.4554099,0.0478762777778,0.58222287037
33.6,0.4585185,0.0764677222222,0.564046728395
33.65,0.4630087,0.105059166667,0.522630709877
33.7,0.4690532,0.131635777778,0.426952777778
33.75,0.476652,0.148905777778,0.310113765432
33.8,0.4842508,0.159555611111,0.243165864198
33.85,0.4923677,0.172508111111,0.18933037037
33.9,0.5016935,0.181047166667,0.0937057407407
33.95,0.5108466,0.182102555556,-0.00970104938272
34,0.5199997,0.179416111111,-0.103300185185
34.05,0.5289801,0.171644611111,-0.18506617284
34.1,0.5374424,0.159363722222,-0.241833302469
34.15,0.5448685,0.145739611111,-0.27877191358
34.2,0.5516038,0.137488388889,-0.419010709877
34.25,0.5598934,0.105730777778,-0.590484753086
34.3,0.5621385,0.0722461666667,-0.639949444445
34.35,0.5671468,0.0388575,-0.62235962963
34.4,0.5661106,0.0043175,-0.503868240741
34.45,0.5661106,-0.00479722222222,-0.502375771605
34.5,0.5671468,-0.0398169444444,-0.608500987654
34.55,0.5619658,-0.0721502222222,-0.603916975309
34.6,0.5597207,-0.101797055556,-0.55631787037
34.65,0.5519492,-0.131923611111,-0.42002345679
34.7,0.5455593,-0.143532888889,-0.287886635803
34.75,0.5377878,-0.157061055556,-0.219766080247
34.8,0.5296709,-0.165504166667,-0.157455493827
34.85,0.5212086,-0.172987833333,-0.0944519753087
34.9,0.5122282,-0.176441833333,-0.00261182098765
34.95,0.5032478,-0.173275666667,0.0916802469136
35,0.4947855,-0.166463611111,0.17392595679
35.05,0.4864959,-0.1562935,0.261395308642
35.1,0.4788971,-0.140366722222,0.347318888889
35.15,0.4723345,-0.120985944444,0.420609783951
35.2,0.4666354,-0.0976714444445,0.478496265432
35.25,0.4624906,-0.0722461666667,0.516021203704
35.3,0.459382,-0.0457655,0.543685185185
35.35,0.4578277,-0.0174618888889,0.559889135803
35.4,0.457655,0.0107457777778,0.561594814815
35.45,0.4588639,0.0393372222222,0.546510216049
35.5,0.4616271,0.0667773333333,0.504081450617
35.55,0.4657719,0.089804,0.456535648148
35.6,0.4706075,0.111871222222,0.414799814815
35.65,0.4769974,0.132307388889,0.353928395062
35.7,0.4840781,0.147754444444,0.281437037037
35.75,0.4918496,0.160515055556,0.204041851852
35.8,0.5003119,0.168766277778,0.113907376543
35.85,0.5089469,0.1718365,0.0220139197531
35.9,0.5175819,0.171452722222,-0.0770220679012
35.95,0.5263896,0.164352833333,-0.170461296296
36,0.5343338,0.151688166667,-0.215395277778
36.05,0.5414145,0.140462666667,-0.231865740741
36.1,0.5479771,0.133938444444,-0.350730246914
36.15,0.5555759,0.111679333333,-0.572575123457
36.2,0.5600661,0.0718623888889,-0.69202595679
36.25,0.5628293,0.0315657222222,-0.611006203704
36.3,0.5623112,0.00642827777778,-0.450619074074
36.35,0.5624839,-0.00163105555556,-0.482120833333
36.4,0.5638655,-0.0370345555556,-0.597414074074
36.45,0.5588572,-0.0739731666667,-0.509091882716
36.5,0.5550578,-0.0881729444444,-0.403819506173
36.55,0.5505676,-0.108896944444,-0.376208827161
36.6,0.5441777,-0.127893944444,-0.321680401235
36.65,0.5374424,-0.141614,-0.25968962963
36.7,0.5300163,-0.153798944444,-0.190343117284
36.75,0.5218994,-0.161666388889,-0.101487901235
36.8,0.5136098,-0.164160944444,-0.00719583333334
36.85,0.5053202,-0.162242055556,0.0862433950617
36.9,0.4972033,-0.15543,0.174885401235
36.95,0.4896045,-0.144492333333,0.25414617284
37,0.4825238,-0.1286615,0.308727901235
37.05,0.4768247,-0.1131185,0.354088302469
37.1,0.4711256,-0.094985,0.425726820988
37.15,0.4669808,-0.0702313333333,0.487770895062
37.2,0.4640449,-0.0439425555556,0.508079135803
37.25,0.4626633,-0.0183253888889,0.50450787037
37.3,0.4623179,0.00556477777778,0.509624907407
37.35,0.4630087,0.0326211111111,0.510637654321
37.4,0.4655992,0.0590058333333,0.469488148148
37.45,0.4692259,0.0797298333333,0.421622530864
37.5,0.4735434,0.100070055556,0.387882067901
37.55,0.4792425,0.119258944444,0.340282962963
37.6,0.4856324,0.134993833333,0.274561018519
37.65,0.4928858,0.147082833333,0.196952623457
37.7,0.5004846,0.155142166667,0.108737037037
37.75,0.5086015,0.158308333333,0.0150845987654
37.8,0.5165457,0.156101611111,-0.0662549691358
37.85,0.5243172,0.150632777778,-0.121263117284
37.9,0.5317433,0.142861277778,-0.154630462963
37.95,0.5386513,0.133746555556,-0.177337314815
38,0.5446958,0.129716888889,-0.29422962963
38.05,0.5522946,0.111103666667,-0.526201975309
38.1,0.5567848,0.0737812777778,-0.682911234568
38.15,0.5598934,0.0320454444444,-0.631740864198
38.2,0.5592026,0.00422155555556,-0.448220462963
38.25,0.559548,-0.00748366666667,-0.355634074074
38.3,0.5588572,-0.0256171666667,-0.383831080247
38.35,0.5567848,-0.0417358333333,-0.491075648148
38.4,0.5557486,-0.0764677222222,-0.558929691358
38.45,0.5490133,-0.108513166667,-0.429084876543
38.5,0.5436596,-0.118971111111,-0.291457901235
38.55,0.5374424,-0.132499277778,-0.233678024691
38.6,0.5303617,-0.143149111111,-0.172166975309
38.65,0.5229356,-0.150440888889,-0.10298037037
38.7,0.5151641,-0.153703,-0.0250521604938
38.75,0.5073926,-0.152743555556,0.0513302777778
38.8,0.4997938,-0.148617944444,0.128245740741
38.85,0.4923677,-0.140462666667,0.211344290123
38.9,0.4854597,-0.126454777778,0.276106790123
38.95,0.4797606,-0.111871222222,0.324558734568
39,0.4742342,-0.0953687777778,0.393372222222
39.05,0.4699167,-0.0728218333333,0.462239012346
39.1,0.4668081,-0.0471087222222,0.490862438272
39.15,0.4652538,-0.0218753333333,0.480894876543
39.2,0.4647357,0.00124727777778,0.46133287037
39.25,0.4654265,0.0233145,0.45578941358
39.3,0.4669808,0.046629,0.452271450617
39.35,0.4700894,0.0696556666667,0.427272592593
39.4,0.4740615,0.0902837222222,0.382072098765
39.45,0.4792425,0.108033444444,0.328343209877
39.5,0.4849416,0.123288611111,0.268164722222
39.55,0.4916769,0.135665444444,0.192368611111
39.6,0.4987576,0.142573444444,0.113747469136
39.65,0.506011,0.146795,0.038484382716
39.7,0.5136098,0.146699055556,-0.0394438271605
39.75,0.5208632,0.142381555556,-0.105645493827
39.8,0.5279439,0.135281666667,-0.151698827161
39.85,0.5345065,0.126262888889,-0.184000123457
39.9,0.540551,0.116764388889,-0.232345462963
39.95,0.5459047,0.108609111111,-0.380899444444
40,0.5522946,0.0834716666667,-0.592830061728
40.05,0.5554032,0.0384737222222,-0.599706080247
40.1,0.5550578,0.0126646666667,-0.41325404321
40.15,0.5557486,0.00268644444444,-0.318961975309
40.2,0.5554032,-0.00767555555556,-0.42434095679
40.25,0.5562667,-0.039721,-0.540646944445
40.3,0.5514311,-0.0730137222222,-0.463518271605
40.35,0.5478044,-0.0866378333333,-0.357499660494
40.4,0.5431415,-0.1044835,-0.311659537037
40.45,0.5372697,-0.118971111111,-0.252760308642
40.5,0.5310525,-0.130196611111,-0.189490277778
40.55,0.5241445,-0.13816,-0.117905061728
40.6,0.5170638,-0.141997777778,-0.0460000308642
40.65,0.5098104,-0.1424775,0.022760154321
40.7,0.5027297,-0.139982944444,0.0960510493827
40.75,0.495649,-0.133554666667,0.178989691358
40.8,0.4890864,-0.121177833333,0.246204104938
40.85,0.48356,-0.108033444444,0.29732117284
40.9,0.4782063,-0.0923945,0.360058179012
40.95,0.4740615,-0.0717664444444,0.413573858025
41,0.4709529,-0.0492195,0.432922654321
41.05,0.4692259,-0.0277279444444,0.435694382716
41.1,0.4681897,-0.00623638888889,0.444809104938
41.15,0.4685351,0.0164065,0.456748858025
41.2,0.469744,0.0404885555556,0.446674691358
41.25,0.4726799,0.0625557777778,0.405845
41.3,0.4761339,0.0815527777778,0.353182160494
41.35,0.4809695,0.0975755,0.303024537037
41.4,0.4859778,0.111199611111,0.26091558642
41.45,0.4920223,0.124823722222,0.197485648148
41.5,0.4987576,0.132307388889,0.110549320988
41.55,0.5054929,0.134706,0.0418957407407
41.6,0.5122282,0.135665444444,-0.0126859876543
41.65,0.5191362,0.134226277778,-0.0775017901235
41.7,0.5258715,0.128181777778,-0.145675648148
41.75,0.5320887,0.118683277778,-0.195673364198
41.8,0.5377878,0.108225333333,-0.245031450617
41.85,0.5429688,0.0946971666667,-0.310540185185
41.9,0.5471136,0.0816487222222,-0.442943518519
41.95,0.5522946,0.0486438333333,-0.534250648148
42,0.5517765,0.0185172777778,-0.453124290124
42.05,0.5531581,0.00498911111111,-0.387882067901
42.1,0.5528127,-0.0161186666667,-0.389747654321
42.15,0.5514311,-0.0347318888889,-0.389427839506
42.2,0.5493587,-0.0546883333333,-0.394971296296
42.25,0.5460774,-0.0757961111111,-0.365175216049
42.3,0.5415872,-0.0929701666667,-0.301425462963
42.35,0.5365789,-0.105826722222,-0.236716265432
42.4,0.5308798,-0.115613055556,-0.188264320988
42.45,0.525008,-0.124248055556,-0.145622345679
42.5,0.5184454,-0.131635777778,-0.0776083950617
42.55,0.5115374,-0.132883055556,0.00708922839506
42.6,0.5049748,-0.129716888889,0.0733441975309
42.65,0.4985849,-0.125495333333,0.137307160494
42.7,0.492195,-0.116380611111,0.20601404321
42.75,0.4868413,-0.1044835,0.268164722222
42.8,0.4816603,-0.0897080555556,0.329729074074
42.85,0.4776882,-0.0711907777778,0.379833395062
42.9,0.4744069,-0.0499870555556,0.397743024691
42.95,0.4728526,-0.0307981666667,0.400408148148
43,0.4712983,-0.0112255,0.419010709877
43.05,0.471471,0.0124727777778,0.414053580247
43.1,0.4728526,0.0311819444444,0.391613240741
43.15,0.4745796,0.050083,0.389321234568
43.2,0.4776882,0.0709988888889,0.368053549383
43.25,0.481833,0.0889405,0.310540185185
43.3,0.4868413,0.101797055556,0.252973518519
43.35,0.4920223,0.113406333333,0.206387160494
43.4,0.4982395,0.123000777778,0.14866058642
43.45,0.5044567,0.129237166667,0.0724913580247
43.5,0.5113647,0.130772277778,-0.0144982716049
43.55,0.5177546,0.127126388889,-0.0888019135803
43.6,0.5241445,0.121177833333,-0.146581790123
43.65,0.5300163,0.111775277778,-0.185439290123
43.7,0.53537,0.101893,-0.214116018519
43.75,0.5402056,0.0901877777778,-0.243965401235
43.8,0.5441777,0.0813608888889,-0.335006018519
43.85,0.5493587,0.0554558888889,-0.414799814815
43.9,0.549186,0.0357872777778,-0.428391944444
43.95,0.55264,0.0196686111111,-0.538248333333
44,0.5528127,-0.0230266666667,-0.546776728395
44.05,0.549186,-0.0456695555556,-0.372477654321
44.1,0.547459,-0.0547842777778,-0.281330432099
44.15,0.5441777,-0.0689840555556,-0.274187901235
44.2,0.540551,-0.082896,-0.270563333333
44.25,0.5358881,-0.0972876666667,-0.244178611111
44.3,0.5307071,-0.108705055556,-0.186718549383
44.35,0.5248353,-0.116188722222,-0.121103209877
44.4,0.5189635,-0.120410277778,-0.0588459259259
44.45,0.5127463,-0.122425111111,0.00879490740741
44.5,0.5065291,-0.120122444444,0.0829919444445
44.55,0.5004846,-0.112830666667,0.133682592593
44.6,0.4953036,-0.105538888889,0.16342537037
44.65,0.4899499,-0.0977673888889,0.214382530864
44.7,0.485287,-0.0850067777778,0.279891265432
44.75,0.4813149,-0.0691759444444,0.332767314815
44.8,0.4782063,-0.0499870555556,0.35344867284
44.85,0.4764793,-0.0330048888889,0.356966635803
44.9,0.474925,-0.0160227222222,0.385590061728
44.95,0.4745796,0.00594855555556,0.404778950617
45,0.4756158,0.0264806666667,0.386389598765
45.05,0.4773428,0.044902,0.355740679012
45.1,0.480106,0.0623638888889,0.316563364198
45.15,0.4837327,0.0767555555556,0.274187901235
45.2,0.4878775,0.0889405,0.243858796296
45.25,0.4925404,0.101701111111,0.202176265432
45.3,0.4982395,0.110432055556,0.137360462963
45.35,0.5037659,0.115133333333,0.0752630864198
45.4,0.5098104,0.117723833333,0.0158308333333
45.45,0.5156822,0.116764388889,-0.0439212345679
45.5,0.521554,0.113598222222,-0.106391728395
45.55,0.5272531,0.106018611111,-0.165557469136
45.6,0.5322614,0.0958485,-0.205267808642
45.65,0.5367516,0.0859662222222,-0.251321141975
45.7,0.5410691,0.0718623888889,-0.313045401235
45.75,0.5441777,0.0529613333333,-0.34172212963
45.8,0.5462501,0.036267,-0.348651450617
45.85,0.5478044,0.0183253888889,-0.363576141975
45.9,0.5478044,0.00402966666667,-0.439052438272
45.95,0.549186,-0.0263847222222,-0.490436018519
46,0.5450412,-0.0544005,-0.376635246914
46.05,0.5426234,-0.0629395555556,-0.272322314815
46.1,0.5391694,-0.0768515,-0.24545787037
46.15,0.5348519,-0.0879810555556,-0.21955287037
46.2,0.5303617,-0.0993025,-0.187784598765
46.25,0.5248353,-0.108129388889,-0.127286296296
46.3,0.5193089,-0.111967166667,-0.0657219444445
46.35,0.5136098,-0.114269833333,-0.0103406790123
46.4,0.507738,-0.1131185,0.0467462654321
46.45,0.5022116,-0.109568555556,0.103726604938
46.5,0.4966852,-0.103236222222,0.168222592593
46.55,0.4916769,-0.0924904444445,0.226588796296
46.6,0.4873594,-0.0795379444444,0.265606203704
46.65,0.4837327,-0.0659138333333,0.300199506173
46.7,0.4806241,-0.0495073333333,0.330528611111
46.75,0.4787244,-0.0318535555556,0.342201851852
46.8,0.4775155,-0.0150632777778,0.347212283951
46.85,0.4771701,0.00249455555556,0.354727932099
46.9,0.4776882,0.0212037222222,0.347158981482
46.95,0.4794152,0.0378021111111,0.32690404321
47,0.4814876,0.0536329444444,0.307821759259
47.05,0.4847689,0.0691759444444,0.276693117284
47.1,0.4885683,0.0814568333333,0.240021018519
47.15,0.4928858,0.0934498888889,0.195460154321
47.2,0.4980668,0.101893,0.134109012346
47.25,0.5032478,0.106594277778,0.075369691358
47.3,0.5087742,0.109280722222,0.018069537037
47.35,0.5143006,0.108801,-0.044347654321
47.4,0.519827,0.104579444444,-0.100741666667
47.45,0.5248353,0.0980552222222,-0.14370345679
47.5,0.5296709,0.0899958888889,-0.177284012346
47.55,0.5339884,0.0798257777778,-0.20665367284
47.6,0.5376151,0.0687921666667,-0.237142685185
47.65,0.540551,0.0611166111111,-0.344973580247
47.7,0.5448685,0.0342521666667,-0.440918024691
47.75,0.544005,0.00681205555556,-0.361923765432
47.8,0.5443504,-0.00105538888889,-0.290551759259
47.85,0.5443504,-0.015543,-0.32567808642
47.9,0.5431415,-0.0349237777778,-0.346679259259
47.95,0.5407237,-0.0531532222222,-0.31890867284
48,0.5376151,-0.0672570555556,-0.273015246914
48.05,0.5339884,-0.0801136111111,-0.228560987654
48.1,0.5294982,-0.0903796666667,-0.179576018519
48.15,0.5248353,-0.0979592777778,-0.131923611111
48.2,0.5196543,-0.103811888889,-0.0789409567901
48.25,0.5143006,-0.106114555556,-0.0208945679012
48.3,0.5089469,-0.105826722222,0.0359258641975
48.35,0.5035932,-0.102468666667,0.0910939197531
48.4,0.4985849,-0.0963282222222,0.139172746914
48.45,0.493922,-0.0885567222222,0.186025617284
48.5,0.4896045,-0.0780028333333,0.235863425926
48.55,0.4859778,-0.0642827777778,0.273068549383
48.6,0.4832146,-0.0504667777778,0.303504259259
48.65,0.4807968,-0.0339643333333,0.330208796296
48.7,0.4797606,-0.0164065,0.337244722222
48.75,0.4792425,9.59444444445E-05,0.335858858025
48.8,0.4797606,0.0166943333333,0.33740462963
48.85,0.4807968,0.0347318888889,0.32194691358
48.9,0.4833873,0.050083,0.285221512346
48.95,0.4859778,0.062172,0.262408055556
49,0.4894318,0.0763717777778,0.235277098765
49.05,0.4937493,0.0875013333333,0.176910895062
49.1,0.4984122,0.0941215,0.115613055556
49.15,0.5032478,0.0981511666667,0.0686002777778
49.2,0.5082561,0.100837611111,0.0254785802469
49.25,0.5134371,0.1010295,-0.023559691358
49.3,0.5184454,0.0988227777778,-0.0795805864198
49.35,0.5234537,0.0933539444444,-0.139972283951
49.4,0.5279439,0.0842392222222,-0.188317623457
49.45,0.531916,0.0737812777778,-0.221738271605
49.5,0.53537,0.0618841666667,-0.249988580247
49.55,0.5381332,0.0490276111111,-0.280797407407
49.6,0.5403783,0.0338683888889,-0.310700092593
49.65,0.5415872,0.01727,-0.325997901235
49.7,0.5421053,0.000479722222222,-0.32445212963
49.75,0.5415872,-0.0154470555556,-0.314484567901
49.8,0.540551,-0.0309900555556,-0.300785833333
49.85,0.5384786,-0.0459573888889,-0.277332746914
49.9,0.5358881,-0.0592936666667,-0.243165864198
49.95,0.5324341,-0.0702313333333,-0.208785771605
50,0.5288074,-0.0796338888889,-0.182134537037
50.05,0.5244899,-0.0887486111111,-0.14866058642
50.1,0.519827,-0.0953687777778,-0.0982364506173
50.15,0.5148187,-0.0989187222222,-0.0388575
50.2,0.5098104,-0.0992065555556,0.0212143827161
50.25,0.5048021,-0.0968079444444,0.0795805864198
50.3,0.4999665,-0.0908593888889,0.12893867284
50.35,0.495649,-0.0830878888889,0.163638580247
50.4,0.4916769,-0.0747407222222,0.201003611111
50.45,0.4880502,-0.0637071111111,0.247643271605
50.5,0.4851143,-0.0490276111111,0.277066234568
50.55,0.4832146,-0.0349237777778,0.287300308642
50.6,0.4816603,-0.0210118333333,0.306382592593
50.65,0.4809695,-0.00460533333333,0.327863487654
50.7,0.4811422,0.0129525,0.326424320988
50.75,0.4823511,0.0289752222222,0.303983981482
50.8,0.4840781,0.0437506666667,0.271789290123
50.85,0.4868413,0.0561275,0.240287530864
50.9,0.4897772,0.0667773333333,0.224296790123
50.95,0.4934039,0.0787703888889,0.201323425926
51,0.4977214,0.0888445555556,0.14311712963
51.05,0.502557,0.0936417777778,0.0725446604938
51.1,0.5072199,0.094985,0.019615308642
51.15,0.5120555,0.0952728333333,-0.0243592283951
51.2,0.5168911,0.0925863888889,-0.0663082716049
51.25,0.5213813,0.0881729444444,-0.101647808642
51.3,0.5256988,0.0829919444444,-0.147914351852
51.35,0.5298436,0.0741650555556,-0.205640925926
51.4,0.5332976,0.0616922777778,-0.248656018519
51.45,0.5360608,0.0477803333333,-0.263953827161
51.5,0.5379605,0.0353075555556,-0.27573367284
51.55,0.5396875,0.0211077777778,-0.299879691358
51.6,0.5402056,0.00450938888889,-0.309527438272
51.65,0.5400329,-0.0105538888889,-0.304943425926
51.7,0.5391694,-0.025905,-0.296948055556
51.75,0.5374424,-0.0407763888889,-0.276853024691
51.8,0.5350246,-0.0542086111111,-0.24423191358
51.85,0.531916,-0.0652422222222,-0.208679166667
51.9,0.528462,-0.0750285555556,-0.172593395062
51.95,0.5243172,-0.0826081666667,-0.131763703704
52,0.5201724,-0.0886526666667,-0.0815527777778
52.05,0.5153368,-0.0918188333333,-0.0154044135803
52.1,0.5106739,-0.0890364444444,0.0296894753086
52.15,0.5065291,-0.0871175555556,0.0450938888889
52.2,0.5020389,-0.0857743333333,0.0801669135803
52.25,0.4977214,-0.0801136111111,0.132829753086
52.3,0.493922,-0.0719583333333,0.179309506173
52.35,0.490468,-0.0617882222222,0.218700030864
52.4,0.4877048,-0.0502748888889,0.256917901235
52.45,0.485287,-0.0357872777778,0.285541327161
52.5,0.4840781,-0.0202442777778,0.28559462963
52.55,0.4833873,-0.00681205555556,0.276479907407
52.6,0.4833873,0.00681205555556,0.276426604938
52.65,0.4840781,0.0202442777778,0.285168209877
52.7,0.485287,0.0357872777778,0.283355925926
52.75,0.4877048,0.0501789444444,0.250521604938
52.8,0.490468,0.0613085,0.20665367284
52.85,0.493922,0.0703272777778,0.169555154321
52.9,0.4975487,0.0778109444444,0.139759074074
52.95,0.5016935,0.0848148888889,0.101487901235
53,0.5061837,0.0885567222222,0.0529293518519
53.05,0.5106739,0.0896121111111,0.0108737037037
53.1,0.5151641,0.0894202222222,-0.0296894753087
53.15,0.5196543,0.0875972777778,-0.0861367901235
53.2,0.5241445,0.0812649444444,-0.149300216049
53.25,0.5279439,0.0713826666667,-0.190129907407
53.3,0.5312252,0.0615963333333,-0.217367469136
53.35,0.5341611,0.0502748888889,-0.250628209877
53.4,0.5364062,0.0361710555556,-0.274827530864
53.45,0.5377878,0.0215875,-0.276853024691
53.5,0.5384786,0.00834716666667,-0.274187901235
53.55,0.5386513,-0.00537288888889,-0.277599259259
53.6,0.5379605,-0.0193807777778,-0.280104475309
53.65,0.5367516,-0.0339643333333,-0.270296820988
53.7,0.5345065,-0.0473006111111,-0.24178
53.75,0.531916,-0.0583342222222,-0.206706975309
53.8,0.5286347,-0.0680246111111,-0.169341944444
53.85,0.525008,-0.0753163888889,-0.131070771605
53.9,0.5210359,-0.0808811666667,-0.0962642592593
53.95,0.5168911,-0.0851986666667,-0.0565539197531
54,0.5124009,-0.0869256666667,-0.00954114197531
54.05,0.5080834,-0.0859662222222,0.0363522839506
54.1,0.5037659,-0.0834716666667,0.0876292592593
54.15,0.4996211,-0.0778109444444,0.147541234568
54.2,0.4958217,-0.0686962222222,0.201856450617
54.25,0.4925404,-0.0555518333333,0.216567932099
54.3,0.490468,-0.0455736111111,0.203455524691
54.35,0.4880502,-0.0366507777778,0.21464904321
54.4,0.4866686,-0.0252333888889,0.247110246914
54.45,0.4854597,-0.012089,0.281810154321
54.5,0.485287,0.00422155555556,0.290871574074
54.55,0.4859778,0.0188051111111,0.266139228395
54.6,0.4873594,0.0302225,0.247483364198
54.65,0.4889137,0.0425033888889,0.242632839506
54.7,0.4915042,0.0560315555556,0.211344290123
54.75,0.4947855,0.0646665555556,0.161559783951
54.8,0.4980668,0.0710948333333,0.127446203704
54.85,0.5018662,0.0771393333333,0.0970104938272
54.9,0.5058383,0.0815527777778,0.0545284259259
54.95,0.5101558,0.0830878888889,0.00309154320988
55,0.5143006,0.0812649444444,-0.0393905246914
55.05,0.5182727,0.0787703888889,-0.0753163888889
55.1,0.5222448,0.0743569444444,-0.119610740741
55.15,0.5258715,0.0666813888889,-0.159480987654
55.2,0.5289801,0.0573747777778,-0.180801975309
55.25,0.5315706,0.0482600555556,-0.195726666667
55.3,0.5338157,0.0385696666667,-0.223497253086
55.35,0.5355427,0.0264806666667,-0.260755679012
55.4,0.5365789,0.0118971111111,-0.285221512346
55.45,0.5367516,-0.00316616666667,-0.285861141975
55.5,0.5362335,-0.0176537777778,-0.266032623457
55.55,0.5348519,-0.0296468333333,-0.244605030864
55.6,0.5332976,-0.0416398888889,-0.228720895062
55.65,0.5307071,-0.0534410555556,-0.196472901235
55.7,0.5277712,-0.0616922777778,-0.156709259259
55.75,0.5244899,-0.0686002777778,-0.124141450617
55.8,0.5208632,-0.0739731666667,-0.0932260185185
55.85,0.5170638,-0.0782906666667,-0.0559675925926
55.9,0.512919,-0.0800176666667,-0.0101807716049
55.95,0.5089469,-0.0790582222222,0.0319281790123
56,0.5049748,-0.0766596111111,0.0700927469136
56.05,0.5011754,-0.0719583333333,0.105592191358
56.1,0.4977214,-0.0657219444444,0.135441574074
56.15,0.4946128,-0.0589098888889,0.173979259259
56.2,0.4916769,-0.0488357222222,0.21955287037
56.25,0.4896045,-0.0361710555556,0.249562160494
56.3,0.4880502,-0.0228347777778,0.257930648148
56.35,0.4873594,-0.0100741666667,0.256118364198
56.4,0.487014,0.00297427777778,0.248389506173
56.45,0.4877048,0.0150632777778,0.234957283951
56.5,0.4885683,0.0261928333333,0.225576049383
56.55,0.4902953,0.0376102222222,0.215128765432
56.6,0.4923677,0.0480681666667,0.197112530864
56.65,0.4951309,0.0577585555556,0.169182037037
56.7,0.4982395,0.0652422222222,0.133895802469
56.75,0.5016935,0.0713826666667,0.0930661111111
56.8,0.5054929,0.0748366666667,0.0473325925926
56.85,0.5092923,0.0757001666667,0.0092213271605
56.9,0.5130917,0.0754123333333,-0.0224403395062
56.95,0.5168911,0.0735893888889,-0.0561808024691
57,0.5205178,0.0700394444444,-0.0950916049383
57.05,0.5239718,0.0643787222222,-0.13879962963
57.1,0.5270804,0.0560315555556,-0.178509969136
57.15,0.5296709,0.0455736111111,-0.200843703704
57.2,0.5315706,0.0356913333333,-0.21651462963
57.25,0.5332976,0.0245617777778,-0.239434691358
57.3,0.5341611,0.0110336111111,-0.246843734568
57.35,0.5343338,-0.00124727777778,-0.232931790123
57.4,0.5339884,-0.0125687222222,-0.213476388889
57.45,0.5329522,-0.0216834444444,-0.210118333333
57.5,0.531916,-0.0324292222222,-0.226002469136
57.55,0.5298436,-0.0453817222222,-0.220885432099
57.6,0.5272531,-0.0560315555556,-0.185172777778
57.65,0.5241445,-0.0643787222222,-0.136134506173
57.7,0.5206905,-0.0696556666667,-0.0859235802469
57.75,0.5170638,-0.0723421111111,-0.0475458024691
57.8,0.5134371,-0.0739731666667,-0.0178030246914
57.85,0.5096377,-0.0745488333333,0.0176964197531
57.9,0.5058383,-0.0722461666667,0.0545284259259
57.95,0.5023843,-0.0687921666667,0.0879490740741
58,0.4989303,-0.0639949444444,0.129525
58.05,0.4958217,-0.0559356111111,0.169715061728
58.1,0.4932312,-0.0457655,0.187411481482
58.15,0.4913315,-0.0365548333333,0.193381358025
58.2,0.4896045,-0.0275360555556,0.216461327161
58.25,0.4883956,-0.0152551666667,0.245244660494
58.3,0.4880502,-0.00201483333333,0.25537212963
58.35,0.4882229,0.0107457777778,0.253932962963
58.4,0.4890864,0.0240820555556,0.237675709877
58.45,0.4908134,0.0342521666667,0.220938734568
58.5,0.4923677,0.0461492777778,0.200417283951
58.55,0.4954763,0.0565112777778,0.142317592593
58.6,0.4984122,0.0597733888889,0.0946651851852
58.65,0.5013481,0.0640908888889,0.0793140740741
58.7,0.5048021,0.0681205555556,0.0601251851852
58.75,0.5082561,0.0705191666667,0.0334206481481
58.8,0.5118828,0.0717664444444,-0.00239861111111
58.85,0.5155095,0.0709029444444,-0.0495712962963
58.9,0.5191362,0.0666813888889,-0.0940788580247
58.95,0.5222448,0.0606368888889,-0.123288611111
59,0.5251807,0.0543045555556,-0.149673333333
59.05,0.5277712,0.0459573888889,-0.179256203704
59.1,0.5298436,0.0360751111111,-0.202975802469
59.15,0.5313979,0.0254252777778,-0.221045339506
59.2,0.5324341,0.0137200555556,-0.231972345679
59.25,0.5327795,0.00182294444444,-0.233837932099
59.3,0.5326068,-0.00997822222222,-0.228347777778
59.35,0.5317433,-0.0210118333333,-0.220085895062
59.4,0.5305344,-0.0322373333333,-0.20537441358
59.45,0.528462,-0.0422155555556,-0.176857592593
59.5,0.5262169,-0.0499870555556,-0.145249228395
59.55,0.5234537,-0.056991,-0.109962993827
59.6,0.5203451,-0.0606368888889,-0.0820858024692
59.65,0.5174092,-0.0642827777778,-0.0698795370371
59.7,0.5139552,-0.0681205555556,-0.0481854320988
59.75,0.5105012,-0.0699435,-0.00954114197531
59.8,0.5068745,-0.0695597222222,0.040829691358
59.85,0.5034205,-0.0660097777778,0.0928529012346
59.9,0.5001392,-0.0596774444444,0.131763703704
59.95,0.497376,-0.0515221666667,0.147221419753
60,0.4951309,-0.0451898333333,0.164118302469
60.05,0.4927131,-0.036267,0.198551697531
60.1,0.4913315,-0.024178,0.214116018519
60.15,0.490468,-0.0143916666667,0.219126450617
60.2,0.4897772,-0.00278238888889,0.228401080247
60.25,0.4901226,0.00978633333333,0.214382530864
60.3,0.4909861,0.0185172777778,0.202122962963
60.35,0.4918496,0.0291671111111,0.202496080247
60.4,0.493922,0.0393372222222,0.191782283951
60.45,0.4958217,0.0486438333333,0.172806604938
60.5,0.4987576,0.0577585555556,0.132776450617
60.55,0.5018662,0.0619801111111,0.0909873148148
60.6,0.5049748,0.0653381666667,0.0717984259259
60.65,0.5082561,0.0701353888889,0.0359791666667
60.7,0.5122282,0.0704232222222,-0.0237729012346
60.75,0.5155095,0.0664895,-0.062790308642
60.8,0.5187908,0.0632273888889,-0.0850707407407
60.85,0.5218994,0.0583342222222,-0.110869135802
60.9,0.5246626,0.0524816111111,-0.142370895062
60.95,0.5272531,0.0442303888889,-0.17643117284
61,0.5291528,0.0343481111111,-0.200257376543
61.05,0.5307071,0.0237942222222,-0.21400941358
61.1,0.5315706,0.0124727777778,-0.216567932099
61.15,0.531916,0.00182294444444,-0.211824012346
61.2,0.5317433,-0.008635,-0.206813580247
61.25,0.5310525,-0.0189010555556,-0.200150771605
61.3,0.5298436,-0.0288792777778,-0.189117160494
61.35,0.5281166,-0.0378980555556,-0.175045308642
61.4,0.5260442,-0.0464371111111,-0.157935216049
61.45,0.5234537,-0.0542086111111,-0.130697654321
61.5,0.5205178,-0.0597733888889,-0.0977034259259
61.55,0.5174092,-0.0637071111111,-0.0670545061728
61.6,0.5141279,-0.0666813888889,-0.0299026851852
61.65,0.5106739,-0.0675448888889,0.0224936419753
61.7,0.5072199,-0.0649543888889,0.0802202160494
61.75,0.5039386,-0.0579504444444,0.107884197531
61.8,0.5015208,-0.0520978333333,0.0984496604938
61.85,0.4989303,-0.0494113888889,0.109323364198
61.9,0.4963398,-0.0425993333333,0.14620867284
61.95,0.4946128,-0.0342521666667,0.176484475309
62,0.4928858,-0.0247536666667,0.201003611111
62.05,0.4920223,-0.0132403333333,0.206547067901
62.1,0.4916769,-0.00354994444444,0.201323425926
62.15,0.4916769,0.00614044444444,0.20601404321
62.2,0.492195,0.0171740555556,0.206440462963
62.25,0.4934039,0.0279198333333,0.186931759259
62.3,0.4951309,0.0360751111111,0.161666388889
62.35,0.4970306,0.0434628333333,0.144769506173
62.4,0.4994484,0.0508505555556,0.122382469136
62.45,0.5022116,0.0562234444444,0.091040617284
62.5,0.5051475,0.0598693333333,0.0601784876543
62.55,0.5082561,0.0619801111111,0.0330475308642
62.6,0.5113647,0.0632273888889,0.00522364197531
62.65,0.514646,0.0628436111111,-0.0280904012346
62.7,0.5177546,0.0602531111111,-0.059645462963
62.75,0.5206905,0.0567031666667,-0.089867962963
62.8,0.5234537,0.0519059444444,-0.130217932099
62.85,0.5260442,0.0438466111111,-0.171207530864
62.9,0.5279439,0.0335805555556,-0.190129907407
62.95,0.5293255,0.024178,-0.195406851852
63,0.5303617,0.0145835555556,-0.206280555556
63.05,0.5308798,0.003454,-0.21342308642
63.1,0.5307071,-0.00767555555556,-0.20414845679
63.15,0.5300163,-0.0171740555556,-0.188957253086
63.2,0.5289801,-0.0261928333333,-0.177817037037
63.25,0.5274258,-0.0353075555556,-0.160600339506
63.3,0.5253534,-0.0425993333333,-0.13757367284
63.35,0.5231083,-0.0486438333333,-0.119983858025
63.4,0.5205178,-0.0546883333333,-0.0991425925926
63.45,0.5175819,-0.0592936666667,-0.0646025925926
63.5,0.5144733,-0.0614044444444,-0.0241460185185
63.55,0.5113647,-0.0615003888889,0.0131124074074
63.6,0.5082561,-0.0598693333333,0.0456802160494
63.65,0.5053202,-0.0567031666667,0.0733441975309
63.7,0.502557,-0.0526735,0.103779907407
63.75,0.4999665,-0.0464371111111,0.135654783951
63.8,0.4978941,-0.0393372222222,0.166943333333
63.85,0.4958217,-0.0286873888889,0.177177407407
63.9,0.4951309,-0.0197645555556,0.156709259259
63.95,0.4940947,-0.0146795,0.164011697531
64,0.4934039,-0.005181,0.200044166667
64.05,0.4934039,0.00709988888889,0.206920185185
64.1,0.4942674,0.01727,0.182187839506
64.15,0.4953036,0.0242739444444,0.169661759259
64.2,0.4965125,0.0337724444444,0.164118302469
64.25,0.4987576,0.0418317777778,0.139972283951
64.3,0.50083,0.0474925,0.117158827161
64.35,0.5034205,0.0538248333333,0.0868297222222
64.4,0.5063564,0.0570869444444,0.0424820679012
64.45,0.5092923,0.0572788333333,0.0120463580247
64.5,0.5120555,0.0573747777778,-0.0035712654321
64.55,0.5149914,0.0575666666667,-0.0295828703704
64.6,0.5179273,0.0553599444444,-0.0709988888889
64.65,0.5206905,0.0499870555556,-0.10484595679
64.7,0.5229356,0.0438466111111,-0.121209814815
64.75,0.525008,0.0382818333333,-0.141464753086
64.8,0.5269077,0.0301265555556,-0.165077746914
64.85,0.5281166,0.0204361666667,-0.165877283951
64.9,0.5288074,0.0128565555556,-0.155909722222
64.95,0.5293255,0.00642827777778,-0.171687253086
65,0.5296709,-0.00374183333333,-0.197059228395
65.05,0.5289801,-0.0146795,-0.197325740741
65.1,0.5281166,-0.024178,-0.180908580247
65.15,0.5265623,-0.0331967777778,-0.153830925926
65.2,0.5246626,-0.0395291111111,-0.126913179012
65.25,0.5225902,-0.0451898333333,-0.111721975309
65.3,0.5201724,-0.0509465,-0.0917868518519
65.35,0.5174092,-0.0548802222222,-0.0612978395062
65.4,0.514646,-0.0574707222222,-0.0228667592593
65.45,0.5115374,-0.0573747777778,0.0181228395062
65.5,0.5087742,-0.0545923888889,0.0407230864198
65.55,0.5061837,-0.0529613333333,0.0566605246914
65.6,0.5034205,-0.0499870555556,0.0886420061728
65.65,0.5010027,-0.0437506666667,0.115826265432
65.7,0.499103,-0.0378021111111,0.133362777778
65.75,0.4972033,-0.031086,0.159001265432
65.8,0.4958217,-0.0213956111111,0.173819351852
65.85,0.4951309,-0.0126646666667,0.170621203704
65.9,0.4946128,-0.00470127777778,0.17206037037
65.95,0.4946128,0.00402966666667,0.180215648148
66,0.4949582,0.0137200555556,0.179682623457
66.05,0.4959944,0.0230266666667,0.159694197531
66.1,0.497376,0.0301265555556,0.130964166667
66.15,0.499103,0.0353075555556,0.114547006173
66.2,0.50083,0.0412561111111,0.103886512346
66.25,0.5032478,0.046629,0.0787810493827
66.3,0.5056656,0.0489316666667,0.0555944753086
66.35,0.5080834,0.0517140555556,0.0375782407407
66.4,0.5108466,0.0536329444444,0.00367787037037
66.45,0.5136098,0.0524816111111,-0.0364588888889
66.5,0.5162003,0.0490276111111,-0.0613511419753
66.55,0.5184454,0.0460533333333,-0.080060308642
66.6,0.5208632,0.0417358333333,-0.107990802469
66.65,0.5227629,0.0348278333333,-0.127552808642
66.7,0.5243172,0.0281117222222,-0.132563240741
66.75,0.5255261,0.0218753333333,-0.141677962963
66.8,0.5265623,0.0145835555556,-0.160706944444
66.85,0.5270804,0.00546883333333,-0.173712746914
66.9,0.5270804,-0.003454,-0.17206037037
66.95,0.526735,-0.012089,-0.160600339506
67,0.5258715,-0.0203402222222,-0.135601481481
67.05,0.5244899,-0.0250415,-0.121636234568
67.1,0.5234537,-0.0309900555556,-0.132456635802
67.15,0.521554,-0.0394331666667,-0.124088148148
67.2,0.5193089,-0.0445182222222,-0.0943986728395
67.25,0.5170638,-0.0484519444444,-0.0671611111111
67.3,0.5144733,-0.0517140555556,-0.0316616666667
67.35,0.5117101,-0.0516181111111,0.00309154320988
67.4,0.5092923,-0.0505627222222,0.023932808642
67.45,0.5067018,-0.0497951666667,0.0528227469136
67.5,0.5041113,-0.0452857777778,0.0805933333333
67.55,0.5022116,-0.0410642222222,0.0966906790124
67.6,0.4999665,-0.0357872777778,0.114813518519
67.65,0.4985849,-0.0294549444444,0.129738209877
67.7,0.4970306,-0.0230266666667,0.147807746914
67.75,0.4961671,-0.0143916666667,0.160067314815
67.8,0.495649,-0.00662016666667,0.164651327161
67.85,0.4954763,0.00191888888889,0.169288641975
67.9,0.4958217,0.0105538888889,0.16715654321
67.95,0.4965125,0.0193807777778,0.152125246914
68,0.4978941,0.0258090555556,0.136241111111
68.05,0.499103,0.0320454444444,0.134695339506
68.1,0.5010027,0.0395291111111,0.125953734568
68.15,0.5030751,0.0462452222222,0.0882155864198
68.2,0.5058383,0.0489316666667,0.0386442901235
68.25,0.5080834,0.0489316666667,0.008635
68.3,0.5106739,0.0493154444444,-0.0107670987654
68.35,0.5130917,0.0480681666667,-0.0311819444444
68.4,0.5155095,0.0461492777778,-0.0507439506173
68.45,0.5177546,0.0429831111111,-0.0709988888889
68.5,0.519827,0.0391453333333,-0.0931194135803
68.55,0.5217267,0.0338683888889,-0.117851759259
68.6,0.523281,0.0271522777778,-0.136987345679
68.65,0.5244899,0.0194767222222,-0.142850617284
68.7,0.5251807,0.0124727777778,-0.14125154321
68.75,0.5256988,0.00594855555556,-0.148287469136
68.8,0.5258715,-0.00211077777778,-0.15852154321
68.85,0.5255261,-0.0108417222222,-0.153084691358
68.9,0.5246626,-0.0175578333333,-0.144023271605
68.95,0.5237991,-0.0246577222222,-0.141997777778
69,0.5222448,-0.0322373333333,-0.129525
69.05,0.5205178,-0.0385696666667,-0.098502962963
69.1,0.5182727,-0.0424074444444,-0.0598586728395
69.15,0.5162003,-0.0442303888889,-0.0281437037037
69.2,0.5137825,-0.0446141666667,-0.00991425925926
69.25,0.5117101,-0.0443263333333,-0.00810197530864
69.3,0.509465,-0.0457655,-1.30682501857E-15
69.35,0.5070472,-0.0454776666667,0.0292630555556
69.4,0.5048021,-0.0428871666667,0.0620440740741
69.45,0.5027297,-0.0390493888889,0.0909873148148
69.5,0.50083,-0.0336765,0.114493703704
69.55,0.4992757,-0.0267685,0.122435771605
69.6,0.4982395,-0.0210118333333,0.123182006173
69.65,0.4972033,-0.015543,0.141624660494
69.7,0.4965125,-0.00700394444444,0.162039506173
69.75,0.4965125,0.00163105555556,0.163585277778
69.8,0.4966852,0.00997822222222,0.151059197531
69.85,0.4975487,0.0173659444444,0.126859876543
69.9,0.4985849,0.0218753333333,0.11593287037
69.95,0.4996211,0.0281117222222,0.118544691358
70,0.5013481,0.0348278333333,0.102767160494
70.05,0.5032478,0.0390493888889,0.0748899691358
70.1,0.5053202,0.0417358333333,0.0545817283951
70.15,0.5073926,0.0443263333333,0.0382711728395
70.2,0.5098104,0.0458614444444,0.0174299074074
70.25,0.5120555,0.0457655,-0.00117265432098
70.3,0.5143006,0.0464371111111,-0.0327810185185
70.35,0.5168911,0.0433668888889,-0.0781414197531
70.4,0.5187908,0.0373223888889,-0.100848271605
70.45,0.5205178,0.0325251666667,-0.10916345679
70.5,0.5220721,0.0269603888889,-0.123661728395
70.55,0.523281,0.0202442777778,-0.138053395062
70.6,0.5241445,0.0125687222222,-0.142317592593
70.65,0.5244899,0.00556477777778,-0.137893487654
70.7,0.5246626,-0.000767555555555,-0.139918981482
70.75,0.5244899,-0.00834716666667,-0.142903919753
70.8,0.5237991,-0.0154470555556,-0.138693024691
70.85,0.5229356,-0.0223550555556,-0.130004722222
70.9,0.521554,-0.0287833333333,-0.113694166667
70.95,0.5199997,-0.0339643333333,-0.0925863888889
71,0.5181,-0.0378980555556,-0.072597962963
71.05,0.5162003,-0.0411601666667,-0.0534090740741
71.1,0.5139552,-0.0436547222222,-0.0272908641975
71.15,0.5117101,-0.0436547222222,-0.00399768518519
71.2,0.5096377,-0.0440385,0.0206813580247
71.25,0.5072199,-0.0422155555556,0.0550614506173
71.3,0.5053202,-0.0384737222222,0.0853905555556
71.35,0.5032478,-0.0324292222222,0.0935458333333
71.4,0.5022116,-0.0283036111111,0.0865632098766
71.45,0.5004846,-0.0252333888889,0.102607253086
71.5,0.4994484,-0.0181335,0.121103209877
71.55,0.4987576,-0.0121849444444,0.124994290123
71.6,0.4982395,-0.0060445,0.133362777778
71.65,0.4980668,0.00134322222222,0.136560925926
71.7,0.4984122,0.00815527777778,0.13075095679
71.75,0.4989303,0.0141997777778,0.127286296296
71.8,0.4997938,0.020724,0.1252075
71.85,0.5010027,0.0271522777778,0.114493703704
71.9,0.502557,0.0325251666667,0.0957845370371
71.95,0.504284,0.0370345555556,0.0705191666667
72,0.5063564,0.0395291111111,0.0454670061728
72.05,0.5082561,0.0412561111111,0.026278117284
72.1,0.5105012,0.0423115,0.00538354938271
72.15,0.5125736,0.0416398888889,-0.0127392901235
72.2,0.514646,0.0409682777778,-0.0304357098765
72.25,0.5167184,0.0389534444444,-0.052982654321
72.3,0.5186181,0.0355953888889,-0.0736107098766
72.35,0.5203451,0.0307981666667,-0.0831518518519
72.4,0.521554,0.0278238888889,-0.101914320988
72.45,0.523281,0.0219712777778,-0.141677962963
72.5,0.5239718,0.0121849444444,-0.155270092593
72.55,0.5243172,0.005181,-0.145089320988
72.6,0.5244899,-0.00182294444444,-0.139545864198
72.65,0.5241445,-0.008635,-0.135388271605
72.7,0.5236264,-0.0154470555556,-0.130217932099
72.75,0.5225902,-0.0219712777778,-0.118491388889
72.8,0.5213813,-0.0274401111111,-0.103140277778
72.85,0.519827,-0.0323332777778,-0.0859768827161
72.9,0.5181,-0.0360751111111,-0.0674809259259
72.95,0.5162003,-0.0391453333333,-0.047865617284
73,0.5141279,-0.0409682777778,-0.025905
73.05,0.5120555,-0.0415439444444,-0.00671611111111
73.1,0.5099831,-0.0419277222222,0.0171633950617
73.15,0.507738,-0.0398169444444,0.0405631790124
73.2,0.506011,-0.0375142777778,0.0570869444444
73.25,0.5039386,-0.0341562222222,0.074197037037
73.3,0.502557,-0.0298387222222,0.0875759567901
73.35,0.5010027,-0.0260009444444,0.111828580247
73.4,0.4997938,-0.0189010555556,0.138746327161
73.45,0.499103,-0.0114173888889,0.149566728395
73.5,0.4985849,-0.00287833333333,0.138746327161
73.55,0.4989303,0.003454,0.110176203704
73.6,0.499103,0.00681205555556,0.104366234568
73.65,0.4994484,0.0127606111111,0.11779845679
73.7,0.5003119,0.0196686111111,0.114653611111
73.75,0.5015208,0.0250415,0.0966906790124
73.8,0.5029024,0.0286873888889,0.0860834876543
73.85,0.504284,0.0336765,0.0740371296296
73.9,0.5063564,0.0369386111111,0.0479189197531
73.95,0.5080834,0.0381858888889,0.0253719753086
74,0.5101558,0.0392412777778,0.00591657407408
74.05,0.5120555,0.0390493888889,-0.0167902777778
74.1,0.5141279,0.0375142777778,-0.0378447530864
74.15,0.5158549,0.0348278333333,-0.0514368827161
74.2,0.5175819,0.0323332777778,-0.0638030555556
74.25,0.5191362,0.0287833333333,-0.0812862654321
74.3,0.5205178,0.0240820555556,-0.0969038888889
74.35,0.521554,0.0189010555556,-0.109376666667
74.4,0.5224175,0.0132403333333,-0.121423024691
74.45,0.5229356,0.00662016666667,-0.128991975309
74.5,0.5231083,-0.000479722222222,-0.122329166667
74.55,0.5227629,-0.00556477777778,-0.115826265432
74.6,0.5225902,-0.0112255,-0.122382469136
74.65,0.5217267,-0.0182294444444,-0.12152962963
74.7,0.5206905,-0.0239861111111,-0.108896944444
74.75,0.5193089,-0.0291671111111,-0.0925330864198
74.8,0.5177546,-0.0335805555556,-0.0693465123457
74.85,0.5158549,-0.0360751111111,-0.0466396604938
74.9,0.5141279,-0.0378980555556,-0.0294762654321
74.95,0.5120555,-0.0391453333333,-0.010607191358
75,0.5101558,-0.0391453333333,0.010980308642
75.05,0.5080834,-0.0378980555556,0.0309154320988
75.1,0.5063564,-0.0359791666667,0.049464691358
75.15,0.5044567,-0.0332927222222,0.0723847530864
75.2,0.5029024,-0.0283036111111,0.087895771605
75.25,0.5016935,-0.0240820555556,0.0962642592593
75.3,0.5004846,-0.0193807777778,0.114600308642
75.35,0.4996211,-0.0123768333333,0.127286296296
75.4,0.4992757,-0.00575666666667,0.124781080247
75.45,0.499103,0,0.12398154321
75.5,0.4992757,0.00594855555556,0.133362777778
75.55,0.4996211,0.0131443888889,0.142903919753
75.6,0.5004846,0.0218753333333,0.122489074074
75.65,0.5020389,0.0264806666667,0.0818192901235
75.7,0.5032478,0.0286873888889,0.0633766358025
75.75,0.5048021,0.0322373333333,0.0563407098766
75.8,0.5065291,0.0346359444444,0.0459467283951
75.85,0.5082561,0.0371305,0.0297427777778
75.9,0.5103285,0.0378021111111,0.00852839506173
75.95,0.5120555,0.0378021111111,-0.0105005864198
76,0.5141279,0.0370345555556,-0.0342201851852
76.05,0.5158549,0.0343481111111,-0.0568737345679
76.1,0.5175819,0.0309900555556,-0.0733441975309
76.15,0.5189635,0.0270563333333,-0.0888019135803
76.2,0.5203451,0.0220672222222,-0.101807716049
76.25,0.5212086,0.0163105555556,-0.105432283951
76.3,0.5218994,0.0116092777778,-0.110282808642
76.35,0.5224175,0.00594855555556,-0.124887685185
76.4,0.5225902,-0.00134322222222,-0.129898117284
76.45,0.5222448,-0.00796338888889,-0.117478641975
76.5,0.5217267,-0.0133362777778,-0.0983963580247
76.55,0.5208632,-0.0174618888889,-0.0845910185185
76.6,0.5199997,-0.0216834444444,-0.0751031790124
76.65,0.5186181,-0.0246577222222,-0.0721182407407
76.7,0.5175819,-0.0283995555556,-0.0761159259259
76.75,0.5158549,-0.0331967777778,-0.0626837037037
76.8,0.5141279,-0.0354994444444,-0.0336338580247
76.85,0.5122282,-0.0361710555556,-0.00906141975309
76.9,0.5105012,-0.0360751111111,0.00986095679012
76.95,0.5086015,-0.0354035,0.0314484567901
77,0.5068745,-0.0329089444444,0.0528227469136
77.05,0.5053202,-0.0301265555556,0.0729177777778
77.1,0.5037659,-0.0255212222222,0.0890684259259
77.15,0.5027297,-0.0202442777778,0.0884820987654
77.2,0.5018662,-0.0167902777778,0.0901344753087
77.25,0.5010027,-0.0123768333333,0.110176203704
77.3,0.5004846,-0.00546883333333,0.12456787037
77.35,0.5004846,0.00115133333333,0.119290925926
77.4,0.5006573,0.00671611111111,0.107137962963
77.45,0.5011754,0.0117052222222,0.0972770061729
77.5,0.5018662,0.0160227222222,0.0948783950617
77.55,0.5027297,0.0210118333333,0.0952515123457
77.6,0.5039386,0.0262887777778,0.084004691358
77.65,0.5054929,0.0294549444444,0.0707323765432
77.7,0.5068745,0.0325251666667,0.0672144135803
77.75,0.5086015,0.0374183333333,0.0406164814815
77.8,0.5108466,0.037994,-0.00975435185185
77.85,0.5125736,0.0352116111111,-0.0395504320988
77.9,0.5143006,0.0329089444444,-0.0479189197531
77.95,0.5158549,0.0306062777778,-0.0556477777778
78,0.5174092,0.0275360555556,-0.0665214814815
78.05,0.5186181,0.0239861111111,-0.0789942592593
78.1,0.519827,0.0198605,-0.0943453703704
78.15,0.5206905,0.0141997777778,-0.102873765432
78.2,0.5212086,0.00901877777778,-0.101274691358
78.25,0.521554,0.00441344444445,-0.103939814815
78.3,0.5217267,-0.00134322222222,-0.10729787037
78.35,0.5213813,-0.00662016666667,-0.105965308642
78.4,0.5210359,-0.0115133333333,-0.109376666667
78.45,0.5203451,-0.0180375555556,-0.10298037037
78.5,0.5191362,-0.0228347777778,-0.0790475617284
78.55,0.5179273,-0.0252333888889,-0.0651889197531
78.6,0.5167184,-0.0289752222222,-0.0563940123457
78.65,0.5149914,-0.0317576111111,-0.0326744135803
78.7,0.5134371,-0.0324292222222,-0.00570336419753
78.75,0.5117101,-0.0320454444444,0.0154044135802
78.8,0.5101558,-0.0301265555556,0.0213742901235
78.85,0.5087742,-0.0294549444444,0.0186025617284
78.9,0.5072199,-0.0288792777778,0.0273441666667
78.95,0.5058383,-0.0272482222222,0.0470127777778
79,0.5044567,-0.0245617777778,0.0735041049383
79.05,0.5032478,-0.0193807777778,0.0904542901235
79.1,0.502557,-0.0145835555556,0.0907741049383
79.15,0.5018662,-0.0108417222222,0.0979166358025
79.2,0.5013481,-0.00508505555556,0.108470524691
79.25,0.5013481,0.0008635,0.104632746914
79.3,0.5015208,0.00546883333333,0.0979699382716
79.35,0.5018662,0.010362,0.0951449074074
79.4,0.502557,0.0151592222222,0.0895481481482
79.45,0.5034205,0.0192848333333,0.0836315740741
79.5,0.5044567,0.0236982777778,0.0731309876543
79.55,0.5058383,0.0270563333333,0.0534623765432
79.6,0.5072199,0.0290711666667,0.0329409259259
79.65,0.5087742,0.0303184444444,0.0135921296296
79.7,0.5103285,0.0299346666667,0.0043175
79.75,0.5117101,0.0305103333333,-1.61524439657E-15
79.8,0.5134371,0.0300306111111,-0.00842179012346
79.85,0.514646,0.0302225,-0.0286234259259
79.9,0.5165457,0.0284955,-0.0711054938272
79.95,0.5177546,0.0220672222222,-0.0947717901235
80,0.5186181,0.0175578333333,-0.0917868518519
80.05,0.5194816,0.0133362777778,-0.0929062037037
80.1,0.5199997,0.00853905555556,-0.0976501234568
80.15,0.5203451,0.003454,-0.101487901235
80.2,0.5203451,-0.001727,-0.102767160494
80.25,0.5201724,-0.006908,-0.101274691358
80.3,0.5196543,-0.0119930555556,-0.096157654321
80.35,0.5189635,-0.0167902777778,-0.085550462963
80.4,0.5179273,-0.0206280555556,-0.0722781481482
80.45,0.5168911,-0.0239861111111,-0.0588992283951
80.5,0.5155095,-0.0267685,-0.0418957407407
80.55,0.5141279,-0.0279198333333,-0.0296361728395
80.6,0.5127463,-0.029359,-0.0236129938272
80.65,0.511192,-0.0306062777778,-0.0115133333333
80.7,0.5096377,-0.0307981666667,0.00666280864197
80.75,0.5080834,-0.0302225,0.0316083641975
80.8,0.5065291,-0.027632,0.0571402469136
80.85,0.5053202,-0.0245617777778,0.0808065432099
80.9,0.5039386,-0.0190929444444,0.0931194135803
80.95,0.5034205,-0.013816,0.0794739814815
81,0.5027297,-0.0114173888889,0.0697196296296
81.05,0.5022116,-0.00796338888889,0.0787277469136
81.1,0.5018662,-0.003454,0.0879490740741
81.15,0.5018662,0.00134322222222,0.0889618209877
81.2,0.5020389,0.00546883333333,0.088322191358
81.25,0.5023843,0.0100741666667,0.0892283333333
81.3,0.5030751,0.0142957222222,0.0905075925926
81.35,0.5037659,0.0191888888889,0.0886420061728
81.4,0.5049748,0.024178,0.0686002777778
81.45,0.5063564,0.0260968888889,0.046692962963
81.5,0.5075653,0.0280157777778,0.037684845679
81.55,0.5091196,0.0302225,0.022760154321
81.6,0.5106739,0.0307022222222,0.0014924691358
81.65,0.5122282,0.0303184444444,-0.0191355864198
81.7,0.5137825,0.0283036111111,-0.0319281790123
81.75,0.5149914,0.0270563333333,-0.0422155555556
81.8,0.5165457,0.0246577222222,-0.0597520679012
81.85,0.5175819,0.0202442777778,-0.0630568209877
81.9,0.5184454,0.0177497222222,-0.0583129012346
81.95,0.5193089,0.0157348888889,-0.0766489506173
82,0.5201724,0.0109376666667,-0.109483271605
82.05,0.5205178,0.00383777777778,-0.125154197531
82.1,0.5205178,-0.00278238888889,-0.116945617284
82.15,0.5201724,-0.00815527777778,-0.100048734568
82.2,0.5196543,-0.0123768333333,-0.0889085185185
82.25,0.5189635,-0.0168862222222,-0.0813395679012
82.3,0.5179273,-0.0206280555556,-0.072224845679
82.35,0.5168911,-0.0240820555556,-0.0628969135803
82.4,0.5155095,-0.0271522777778,-0.0483986419753
82.45,0.5141279,-0.0290711666667,-0.0312352469136
82.5,0.5125736,-0.0303184444444,-0.0135921296296
82.55,0.5110193,-0.0300306111111,-0.0020787962963
82.6,0.5096377,-0.0305103333333,0.00895481481481
82.65,0.5079107,-0.0298387222222,0.0314484567901
82.7,0.5065291,-0.0268644444444,0.0466396604938
82.75,0.5053202,-0.0250415,0.0595388580247
82.8,0.5039386,-0.0214915555556,0.0799537037037
82.85,0.5030751,-0.0163105555556,0.0869896296296
82.9,0.5023843,-0.0122808888889,0.0862433950617
82.95,0.5018662,-0.00825122222222,0.0940788580247
83,0.5015208,-0.00354994444444,0.110869135802
83.05,0.5013481,0.00383777777778,0.109110154321
83.1,0.5020389,0.00882688888889,0.0819258950617
83.15,0.5023843,0.0111295555556,0.0697196296296
83.2,0.5030751,0.0145835555556,0.0778749074074
83.25,0.5037659,0.0191888888889,0.0817126851852
83.3,0.5049748,0.0240820555556,0.0624704938272
83.35,0.5063564,0.0257131111111,0.0367254012346
83.4,0.5075653,0.0266725555556,0.0284102160494
83.45,0.5089469,0.0285914444444,0.0206813580247
83.5,0.5105012,0.0291671111111,0.00612978395061
83.55,0.5118828,0.0291671111111,-0.00911472222223
83.6,0.5134371,0.0284955,-0.0287300308642
83.65,0.5148187,0.0260968888889,-0.0444009567901
83.7,0.5160276,0.0237942222222,-0.0550081481482
83.75,0.5172365,0.0206280555556,-0.0654554320988
83.8,0.5181,0.0171740555556,-0.0744635493827
83.85,0.5189635,0.0133362777778,-0.0858169753087
83.9,0.5194816,0.00853905555556,-0.0950383024691
83.95,0.519827,0.003454,-0.0954114197531
84,0.519827,-0.00143916666667,-0.0865099074074
84.05,0.5196543,-0.00566072222222,-0.0705724691358
84.1,0.5191362,-0.0077715,-0.0684936728395
84.15,0.5189635,-0.0114173888889,-0.0853905555556
84.2,0.5181,-0.0168862222222,-0.0916802469136
84.25,0.5172365,-0.0216834444444,-0.0773951851852
84.3,0.5158549,-0.0250415,-0.052982654321
84.35,0.514646,-0.0264806666667,-0.0352329320988
84.4,0.5132644,-0.0284955,-0.0194020987654
84.45,0.5117101,-0.0287833333333,0.00117265432099
84.5,0.5103285,-0.0279198333333,0.0135388271605
84.55,0.5089469,-0.0272482222222,0.0224403395062
84.6,0.5075653,-0.0258090555556,0.0335272530864
84.65,0.5063564,-0.0239861111111,0.0473325925926
84.7,0.5051475,-0.0214915555556,0.0686002777778
84.75,0.5041113,-0.0170781111111,0.0880556790124
84.8,0.5034205,-0.012089,0.0949316975309
84.85,0.5029024,-0.00709988888889,0.0907741049383
84.9,0.5027297,-0.0025905,0.0787810493827
84.95,0.5027297,0.000383777777778,0.0748899691358
85,0.5027297,0.00402966666667,0.0881622839506
85.05,0.5030751,0.00901877777778,0.104366234568
85.1,0.5035932,0.0147754444444,0.110762530864
85.15,0.5044567,0.0217793888889,0.0845910185185
85.2,0.506011,0.0243698888889,0.0375249382716
85.25,0.5070472,0.0238901666667,0.0181761419753
85.3,0.5082561,0.0253293333333,0.0168435802469
85.35,0.5096377,0.025905,0.0127392901235
85.4,0.5108466,0.0264806666667,0.00890151234568
85.45,0.5122282,0.027632,-0.0103939814815
85.5,0.5137825,0.0257131111111,-0.0343800925926
85.55,0.5148187,0.0232185555556,-0.0427485802469
85.6,0.5160276,0.0215875,-0.0523963271605
85.65,0.5170638,0.0184213333333,-0.0672144135803
85.7,0.5179273,0.0142957222222,-0.0724913580247
85.75,0.5184454,0.0107457777778,-0.0708389814815
85.8,0.5189635,0.0077715,-0.078088117284
85.85,0.5193089,0.00326211111111,-0.0907741049383
85.9,0.5193089,-0.001727,-0.095358117284
85.95,0.5191362,-0.00671611111111,-0.0901877777778
86,0.5186181,-0.0112255,-0.0748366666667
86.05,0.5179273,-0.0141038333333,-0.0591657407407
86.1,0.5172365,-0.0169821666667,-0.0466396604938
86.15,0.5162003,-0.0191888888889,-0.0304357098765
86.2,0.5151641,-0.018997,-0.0324612037037
86.25,0.5144733,-0.0215875,-0.0472792901235
86.3,0.5130917,-0.0254252777778,-0.0332607407407
86.35,0.5117101,-0.0256171666667,-0.00554345679012
86.4,0.5105012,-0.0249455555556,0.0080486728395
86.45,0.5092923,-0.0249455555556,0.0228667592593
86.5,0.5079107,-0.0232185555556,0.0444009567901
86.55,0.5068745,-0.0197645555556,0.052982654321
86.6,0.506011,-0.0173659444444,0.0517033950617
86.65,0.5051475,-0.0150632777778,0.0576732716049
86.7,0.5044567,-0.0118971111111,0.0693998148148
86.75,0.5039386,-0.00815527777778,0.0819258950617
86.8,0.5035932,-0.003454,0.0888019135803
86.85,0.5035932,0.00124727777778,0.0854438580247
86.9,0.5037659,0.005181,0.0788343518519
86.95,0.5041113,0.00892283333333,0.0742503395062
87,0.5046294,0.0129525,0.0641228703704
87.05,0.5054929,0.0154470555556,0.0527694444445
87.1,0.5061837,0.0176537777778,0.0518633024691
87.15,0.5072199,0.0205321111111,0.0526628395062
87.2,0.5082561,0.0230266666667,0.049837808642
87.25,0.509465,0.0262887777778,0.0312885493827
87.3,0.5110193,0.0268644444444,-0.000906141975306
87.35,0.5122282,0.0257131111111,-0.0244125308642
87.4,0.5136098,0.0238901666667,-0.0367787037037
87.45,0.514646,0.0214915555556,-0.0384310802469
87.5,0.5156822,0.0202442777778,-0.043548117284
87.55,0.5167184,0.0179416111111,-0.0617242592593
87.6,0.5175819,0.013816,-0.0750498765432
87.65,0.5181,0.0094985,-0.0719583333333
87.7,0.5184454,0.00662016666667,-0.0677474382716
87.75,0.5187908,0.00326211111111,-0.0724380555556
87.8,0.5187908,-0.000479722222222,-0.0793140740741
87.85,0.5187908,-0.00498911111111,-0.0805933333333
87.9,0.5182727,-0.00921066666667,-0.070252654321
87.95,0.5177546,-0.0115133333333,-0.0666813888889
88,0.5172365,-0.015543,-0.067107808642
88.05,0.5162003,-0.0192848333333,-0.0501043209877
88.1,0.5151641,-0.0206280555556,-0.0314484567901
88.15,0.5141279,-0.0215875,-0.0242526234568
88.2,0.5130917,-0.0234104444444,-0.0114067283951
88.25,0.5117101,-0.0237942222222,0.0165770679012
88.3,0.5105012,-0.0206280555556,0.0252653703704
88.35,0.5098104,-0.0199564444444,0.0120996604938
88.4,0.5086015,-0.020724,0.0194554012346
88.45,0.5075653,-0.0187091666667,0.0388041975309
88.5,0.5067018,-0.0160227222222,0.0464264506173
88.55,0.506011,-0.013816,0.049837808642
88.6,0.5053202,-0.0115133333333,0.0604983024691
88.65,0.5048021,-0.00805933333333,0.0756362037037
88.7,0.5044567,-0.00354994444444,0.0833650617284
88.75,0.5044567,0.000959444444444,0.0780348148148
88.8,0.5046294,0.00412561111111,0.072224845679
88.85,0.5048021,0.00815527777778,0.0660417592593
88.9,0.5054929,0.0112255,0.0527694444445
88.95,0.506011,0.0128565555556,0.0498911111111
89,0.5067018,0.0157348888889,0.0543685185185
89.05,0.5075653,0.0188051111111,0.0491981790124
89.1,0.5086015,0.0213956111111,0.0304890123457
89.15,0.5098104,0.0219712777778,0.00911472222223
89.2,0.5108466,0.0214915555556,0.00154577160494
89.25,0.5118828,0.0219712777778,-0.0013325617284
89.3,0.5130917,0.0217793888889,-0.0101807716049
89.35,0.5141279,0.0204361666667,-0.0133789197531
89.4,0.5149914,0.0210118333333,-0.0279837962963
89.45,0.516373,0.0189010555556,-0.0630568209877
89.5,0.5170638,0.0135281666667,-0.0781414197531
89.55,0.5175819,0.0101701111111,-0.0760093209877
89.6,0.5181,0.00642827777778,-0.0785678395062
89.65,0.5182727,0.00211077777778,-0.0763824382716
89.7,0.5182727,-0.00153511111111,-0.0691866049383
89.75,0.5181,-0.00479722222222,-0.062417191358
89.8,0.5177546,-0.00738772222222,-0.0623105864198
89.85,0.5174092,-0.0107457777778,-0.0666280864198
89.9,0.5167184,-0.0146795,-0.0598586728395
89.95,0.5158549,-0.0170781111111,-0.0464797530864
90,0.5149914,-0.018997,-0.0378447530864
90.05,0.5139552,-0.020724,-0.0311819444444
90.1,0.512919,-0.0222591111111,-0.0221205246914
90.15,0.5117101,-0.0233145,-0.00650290123457
90.2,0.5105012,-0.0227388333333,0.00724913580247
90.25,0.509465,-0.0223550555556,0.0181761419753
90.3,0.5082561,-0.0214915555556,0.0391773148148
90.35,0.5072199,-0.0186132222222,0.0618308641975
90.4,0.5063564,-0.0148713888889,0.073770617284
90.45,0.5056656,-0.0100741666667,0.0633233333333
90.5,0.5054929,-0.00786744444444,0.0413094135803
90.55,0.5049748,-0.00729177777778,0.0431216975309
90.6,0.5046294,-0.00450938888889,0.0630035185185
90.65,0.5044567,-0.000383777777778,0.074570154321
90.7,0.5046294,0.003454,0.0757961111111
90.75,0.5048021,0.00719583333333,0.0737173148148
90.8,0.5053202,0.0112255,0.0639096604938
90.85,0.506011,0.0137200555556,0.0516500925926
90.9,0.5067018,0.0159267777778,0.0463731481482
90.95,0.5075653,0.0185172777778,0.0382711728395
91,0.5086015,0.0201483333333,0.0241460185185
91.05,0.5096377,0.020724,0.0131124074074
91.1,0.5106739,0.0211077777778,0.00666280864197
91.15,0.5117101,0.0217793888889,-0.0063962962963
91.2,0.512919,0.0211077777778,-0.0287300308642
91.25,0.5139552,0.0181335,-0.0375782407407
91.3,0.514646,0.0164065,-0.0306489197531
91.35,0.5155095,0.0159267777778,-0.0366187962963
91.4,0.516373,0.0133362777778,-0.0524496296296
91.45,0.5168911,0.00978633333333,-0.0551680555556
91.5,0.5172365,0.00786744444444,-0.0585794135803
91.55,0.5177546,0.00460533333333,-0.0724380555556
91.6,0.5177546,0.000287833333333,-0.0806466358025
91.65,0.5177546,-0.00374183333333,-0.0828853395062
91.7,0.5174092,-0.00825122222222,-0.0781414197531
91.75,0.5168911,-0.0118971111111,-0.0656686419753
91.8,0.5162003,-0.0149673333333,-0.0504241358025
91.85,0.5153368,-0.0168862222222,-0.0366187962963
91.9,0.5144733,-0.0180375555556,-0.0327810185185
91.95,0.5136098,-0.0202442777778,-0.0277172839506
92,0.5124009,-0.0214915555556,-0.0119930555556
92.05,0.5113647,-0.0211077777778,-0.00133256172839
92.1,0.5103285,-0.0211077777778,0.00175898148148
92.15,0.5092923,-0.0214915555556,0.0138053395062
92.2,0.5080834,-0.0201483333333,0.0324612037037
92.25,0.5072199,-0.0176537777778,0.0411495061728
92.3,0.5063564,-0.0156389444444,0.0430683950617
92.35,0.5056656,-0.0136241111111,0.0495179938272
92.4,0.5049748,-0.0112255,0.0660950617284
92.45,0.5044567,-0.00700394444444,0.0828853395062
92.5,0.504284,-0.00268644444444,0.0925863888889
92.55,0.5041113,0.00287833333333,0.0878424691358
92.6,0.5046294,0.00719583333333,0.0623105864198
92.65,0.5049748,0.00882688888889,0.0412561111111
92.7,0.5054929,0.0104579444444,0.0365654938272
92.75,0.506011,0.0121849444444,0.0400834567901
92.8,0.5067018,0.0142957222222,0.0469594753086
92.85,0.5073926,0.0171740555556,0.0469594753086
92.9,0.5084288,0.0197645555556,0.032194691358
92.95,0.509465,0.0205321111111,0.0138053395062
93,0.5105012,0.020724,0.00191888888889
93.05,0.5115374,0.0206280555556,-0.00799537037037
93.1,0.5125736,0.0201483333333,-0.020414845679
93.15,0.5136098,0.0186132222222,-0.0324612037037
93.2,0.5144733,0.0163105555556,-0.0345933024691
93.25,0.5151641,0.0151592222222,-0.0369386111111
93.3,0.5160276,0.0132403333333,-0.0500510185185
93.35,0.5165457,0.0101701111111,-0.0633233333333
93.4,0.5170638,0.00662016666667,-0.0705724691358
93.45,0.5172365,0.00249455555556,-0.0649757098766
93.5,0.5172365,-9.59444444445E-05,-0.0547416358025
93.55,0.5172365,-0.00278238888889,-0.0493580864198
93.6,0.5168911,-0.00441344444445,-0.0555944753086
93.65,0.5168911,-0.0077715,-0.0711054938272
93.7,0.5162003,-0.0125687222222,-0.0678007407407
93.75,0.5155095,-0.0152551666667,-0.0508505555556
93.8,0.514646,-0.01727,-0.0381645679012
93.85,0.5137825,-0.0189010555556,-0.0283569135802
93.9,0.5127463,-0.0202442777778,-0.0173233024691
93.95,0.5117101,-0.0206280555556,-0.00650290123457
94,0.5106739,-0.020724,0.0022387037037
94.05,0.5096377,-0.0205321111111,0.0138586419753
94.1,0.5086015,-0.0197645555556,0.032194691358
94.15,0.5075653,-0.0171740555556,0.0470660802469
94.2,0.5068745,-0.0142957222222,0.0477057098766
94.25,0.5061837,-0.0121849444444,0.0437080246914
94.3,0.5056656,-0.0102660555556,0.0459467283951
94.35,0.5051475,-0.00805933333333,0.057300154321
94.4,0.5048021,-0.00470127777778,0.0717451234568
94.45,0.5046294,-0.000383777777778,0.0770220679012
94.5,0.5048021,0.00335805555556,0.0750498765432
94.55,0.5049748,0.00700394444444,0.0729710802469
94.6,0.5054929,0.0106498333333,0.0686535802469
94.65,0.506011,0.0144876111111,0.0534090740741
94.7,0.5070472,0.0164065,0.031395154321
94.75,0.507738,0.0166943333333,0.0246790432099
94.8,0.5086015,0.0186132222222,0.0230266666667
94.85,0.5096377,0.0197645555556,0.0101807716049
94.9,0.5106739,0.0193807777778,0.00101274691358
94.95,0.5115374,0.0193807777778,-0.00143916666667
95,0.5125736,0.0197645555556,-0.0119930555556
95.05,0.5136098,0.0185172777778,-0.0277172839506
95.1,0.5144733,0.0163105555556,-0.0327277160494
95.15,0.5151641,0.0151592222222,-0.0361923765432
95.2,0.5160276,0.0132403333333,-0.0481854320988
95.25,0.5165457,0.0102660555556,-0.0587393209877
95.3,0.5170638,0.00700394444445,-0.0632167283951
95.35,0.5172365,0.00374183333333,-0.0633766358025
95.4,0.5174092,0.000959444444445,-0.0671611111111
95.45,0.5174092,-0.00307022222222,-0.0686535802469
95.5,0.5170638,-0.00642827777778,-0.0607648148148
95.55,0.5167184,-0.00901877777778,-0.0525562345679
95.6,0.5162003,-0.0118011666667,-0.0410429012346
95.65,0.5155095,-0.013816,-0.0206813580247
95.7,0.514646,-0.0130484444444,-0.0162572530864
95.75,0.5143006,-0.0139119444444,-0.0372584259259
95.8,0.5134371,-0.0177497222222,-0.0415759259259
95.85,0.5124009,-0.0195726666667,-0.0191888888889
95.9,0.5113647,-0.0192848333333,-0.000159907407406
95.95,0.5105012,-0.018997,0.00948783950617
96,0.509465,-0.0185172777778,0.0208412654321
96.05,0.5086015,-0.0170781111111,0.0348065123457
96.1,0.507738,-0.0150632777778,0.0491981790124
96.15,0.5070472,-0.0119930555556,0.0594322530864
96.2,0.5065291,-0.00873094444444,0.0615643518519
96.25,0.5061837,-0.00556477777778,0.0579930864198
96.3,0.506011,-0.00307022222222,0.0553812654321
96.35,0.5058383,-9.59444444445E-05,0.0538354938272
96.4,0.506011,0.00268644444444,0.0470127777778
96.45,0.5061837,0.00422155555556,0.0469594753086
96.5,0.5063564,0.00700394444444,0.0534623765432
96.55,0.5068745,0.00997822222222,0.0534623765432
96.6,0.5073926,0.0123768333333,0.0524496296296
96.65,0.5080834,0.0152551666667,0.0490382716049
96.7,0.5089469,0.0174618888889,0.0406164814815
96.75,0.5098104,0.0197645555556,0.0232398765432
96.8,0.5110193,0.0201483333333,-0.00127925925926
96.85,0.5118828,0.0191888888889,-0.018069537037
96.9,0.512919,0.0182294444444,-0.0310753395062
96.95,0.5137825,0.0158308333333,-0.0370985185185
97,0.5144733,0.0140078888889,-0.033367345679
97.05,0.5151641,0.0124727777778,-0.0299026851852
97.1,0.5156822,0.0115133333333,-0.0354994444445
97.15,0.516373,0.0094985,-0.0515967901235
97.2,0.5167184,0.00585261111111,-0.0595388580247
97.25,0.5168911,0.00316616666667,-0.0600185802469
97.3,0.5170638,0,-0.0617242592593
97.35,0.5168911,-0.00316616666667,-0.0600718827161
97.4,0.5167184,-0.00585261111111,-0.0599119753086
97.45,0.516373,-0.0094985,-0.0533557716049
97.5,0.5156822,-0.0116092777778,-0.0398702469136
97.55,0.5151641,-0.0128565555556,-0.0362456790124
97.6,0.5144733,-0.0151592222222,-0.0334739506173
97.65,0.5136098,-0.0167902777778,-0.0198818209877
97.7,0.5127463,-0.01727,-0.00314484567902
97.75,0.5118828,-0.0173659444444,0.015297808642
97.8,0.5108466,-0.0148713888889,0.0165770679012
97.85,0.5105012,-0.0141997777778,-0.00682271604938
97.9,0.5096377,-0.0169821666667,-0.00485052469136
97.95,0.5086015,-0.0163105555556,0.0263847222222
98,0.5079107,-0.0137200555556,0.0487717592593
98.05,0.5072199,-0.0105538888889,0.0547416358025
98.1,0.5068745,-0.00767555555556,0.0481321296296
98.15,0.5065291,-0.00614044444444,0.0469594753086
98.2,0.5061837,-0.00335805555556,0.0520232098765
98.25,0.5061837,-0.000479722222222,0.0503175308642
98.3,0.5061837,0.001727,0.0480788271605
98.35,0.5063564,0.00393372222222,0.0517033950617
98.4,0.5065291,0.006908,0.0547949382716
98.45,0.5070472,0.00988227777778,0.049464691358
98.5,0.5075653,0.0119930555556,0.0407230864198
98.55,0.5082561,0.013816,0.0330475308642
98.6,0.5089469,0.0153511111111,0.0247856481481
98.65,0.5098104,0.0165024444444,0.0142850617284
98.7,0.5106739,0.0163105555556,0.0118864506173
98.75,0.5113647,0.0173659444444,0.0140185493827
98.8,0.5124009,0.0184213333333,0.00250521604938
98.85,0.5132644,0.0182294444444,-0.0204681481481
98.9,0.5143006,0.0164065,-0.0434415123457
98.95,0.5149914,0.0129525,-0.0491981790124
99,0.5155095,0.0108417222222,-0.0431216975309
99.05,0.5160276,0.00940255555556,-0.0487717592593
99.1,0.5165457,0.00642827777778,-0.0622039814815
99.15,0.5167184,0.00249455555556,-0.0646025925926
99.2,0.5167184,-0.000287833333333,-0.0611379320988
99.25,0.5167184,-0.003454,-0.058472808642
99.3,0.516373,-0.00642827777778,-0.0506906481482
99.35,0.5160276,-0.00853905555556,-0.0433882098765
99.4,0.5155095,-0.0104579444444,-0.0414160185185
99.45,0.5149914,-0.0124727777778,-0.0425886728395
99.5,0.5143006,-0.0150632777778,-0.0371518209877
99.55,0.5134371,-0.0166943333333,-0.0223337345679
99.6,0.5125736,-0.0171740555556,-0.00916802469136
99.65,0.5117101,-0.01727,-0.0020787962963
99.7,0.5108466,-0.01727,0.00298493827162
99.75,0.5099831,-0.0171740555556,0.0130910864198
99.8,0.5091196,-0.0165024444444,0.033143475309
99.85,0.5082561,-0.0141997777778,0.0567884506182
99.9,0.5075653,-0.00972876666658,0.0597094259271
99.95,0.5073926,-0.00700394444426,0.041394697532
100,0.5070472,-0.00652422222189,0.0240074321005
