,Latest: Time (s),Latest: Pressure (kPa)
0,0.0,101.813610211
1,0.0025,101.813610211
2,0.005,101.873542434
3,0.0075,101.873542434
4,0.01,101.873542434
5,0.0125,101.873542434
6,0.015,101.873542434
7,0.0175,101.873542434
8,0.02,101.873542434
9,0.0225,101.873542434
10,0.025,101.873542434
11,0.0275,101.873542434
12,0.03,101.873542434
13,0.0325,101.813610211
14,0.035,101.873542434
15,0.0375,101.873542434
16,0.04,101.873542434
17,0.0425,101.813610211
18,0.045,101.873542434
19,0.0475,101.873542434
20,0.05,101.873542434
21,0.0525,101.873542434
22,0.055,101.873542434
23,0.0575,101.873542434
24,0.06,101.873542434
25,0.0625,101.873542434
26,0.065,101.873542434
27,0.0675,101.813610211
28,0.07,101.813610211
29,0.0725,101.873542434
30,0.075,101.873542434
31,0.0775,101.813610211
32,0.08,101.873542434
33,0.0825,101.873542434
34,0.085,101.873542434
35,0.0875,101.873542434
36,0.09,101.873542434
37,0.0925,101.873542434
38,0.095,101.873542434
39,0.0975,101.873542434
40,0.1,101.873542434
41,0.1025,101.873542434
42,0.105,101.873542434
43,0.1075,101.873542434
44,0.11,101.873542434
45,0.1125,101.813610211
46,0.115,101.873542434
47,0.1175,101.813610211
48,0.12,101.873542434
49,0.1225,101.873542434
50,0.125,101.873542434
51,0.1275,101.873542434
52,0.13,101.873542434
53,0.1325,101.873542434
54,0.135,101.873542434
55,0.1375,101.873542434
56,0.14,101.873542434
57,0.1425,101.873542434
58,0.145,101.873542434
59,0.1475,101.813610211
60,0.15,101.873542434
61,0.1525,101.873542434
62,0.155,101.873542434
63,0.1575,101.873542434
64,0.16,101.873542434
65,0.1625,101.873542434
66,0.165,101.873542434
67,0.1675,101.873542434
68,0.17,101.873542434
69,0.1725,101.873542434
70,0.175,101.873542434
71,0.1775,101.873542434
72,0.18,101.873542434
73,0.1825,101.813610211
74,0.185,101.873542434
75,0.1875,101.813610211
76,0.19,101.813610211
77,0.1925,101.873542434
78,0.195,101.873542434
79,0.1975,101.873542434
80,0.2,101.873542434
81,0.2025,101.873542434
82,0.205,101.873542434
83,0.2075,101.873542434
84,0.21,101.813610211
85,0.2125,101.873542434
86,0.215,101.873542434
87,0.2175,101.873542434
88,0.22,101.873542434
89,0.2225,101.873542434
90,0.225,101.873542434
91,0.2275,101.873542434
92,0.23,101.873542434
93,0.2325,101.873542434
94,0.235,101.813610211
95,0.2375,101.873542434
96,0.24,101.873542434
97,0.2425,101.873542434
98,0.245,101.873542434
99,0.2475,101.873542434
100,0.25,101.873542434
101,0.2525,101.873542434
102,0.255,101.873542434
103,0.2575,101.813610211
104,0.26,101.873542434
105,0.2625,101.873542434
106,0.265,101.873542434
107,0.2675,101.873542434
108,0.27,101.873542434
109,0.2725,101.873542434
110,0.275,101.873542434
111,0.2775,101.873542434
112,0.28,101.873542434
113,0.2825,101.873542434
114,0.285,101.813610211
115,0.2875,101.873542434
116,0.29,101.813610211
117,0.2925,101.873542434
118,0.295,101.873542434
119,0.2975,101.873542434
120,0.3,101.873542434
121,0.3025,101.873542434
122,0.305,101.873542434
123,0.3075,101.873542434
124,0.31,101.813610211
125,0.3125,101.873542434
126,0.315,101.873542434
127,0.3175,101.873542434
128,0.32,101.873542434
129,0.3225,101.873542434
130,0.325,101.873542434
131,0.3275,101.873542434
132,0.33,101.873542434
133,0.3325,101.873542434
134,0.335,101.873542434
135,0.3375,101.873542434
136,0.34,101.813610211
137,0.3425,101.813610211
138,0.345,101.813610211
139,0.3475,101.873542434
140,0.35,101.873542434
141,0.3525,101.873542434
142,0.355,101.873542434
143,0.3575,101.873542434
144,0.36,101.873542434
145,0.3625,101.873542434
146,0.365,101.873542434
147,0.3675,101.873542434
148,0.37,101.873542434
149,0.3725,101.873542434
150,0.375,101.873542434
151,0.3775,101.873542434
152,0.38,101.873542434
153,0.3825,101.873542434
154,0.385,101.873542434
155,0.3875,101.873542434
156,0.39,101.873542434
157,0.3925,101.873542434
158,0.395,101.873542434
159,0.3975,101.873542434
160,0.4,101.873542434
161,0.4025,101.873542434
162,0.405,101.873542434
163,0.4075,101.813610211
164,0.41,101.813610211
165,0.4125,101.873542434
166,0.415,101.813610211
167,0.4175,101.873542434
168,0.42,101.873542434
169,0.4225,101.873542434
170,0.425,101.873542434
171,0.4275,101.873542434
172,0.43,101.873542434
173,0.4325,101.873542434
174,0.435,101.873542434
175,0.4375,101.813610211
176,0.44,101.873542434
177,0.4425,101.873542434
178,0.445,101.873542434
179,0.4475,101.813610211
180,0.45,101.813610211
181,0.4525,101.813610211
182,0.455,101.813610211
183,0.4575,101.873542434
184,0.46,101.873542434
185,0.4625,101.873542434
186,0.465,101.873542434
187,0.4675,101.873542434
188,0.47,101.873542434
189,0.4725,101.873542434
190,0.475,101.813610211
191,0.4775,101.873542434
192,0.48,101.873542434
193,0.4825,101.873542434
194,0.485,101.813610211
195,0.4875,101.873542434
196,0.49,101.813610211
197,0.4925,101.873542434
198,0.495,101.873542434
199,0.4975,101.873542434
200,0.5,101.873542434
201,0.5025,101.873542434
202,0.505,101.873542434
203,0.5075,101.873542434
204,0.51,101.873542434
205,0.5125,101.873542434
206,0.515,101.813610211
207,0.5175,101.813610211
208,0.52,101.873542434
209,0.5225,101.873542434
210,0.525,101.873542434
211,0.5275,101.873542434
212,0.53,101.873542434
213,0.5325,101.873542434
214,0.535,101.873542434
215,0.5375,101.873542434
216,0.54,101.873542434
217,0.5425,101.873542434
218,0.545,101.873542434
219,0.5475,101.873542434
220,0.55,101.873542434
221,0.5525,101.873542434
222,0.555,101.873542434
223,0.5575,101.873542434
224,0.56,101.813610211
225,0.5625,101.813610211
226,0.565,101.813610211
227,0.5675,101.813610211
228,0.57,101.813610211
229,0.5725,101.813610211
230,0.575,101.873542434
231,0.5775,101.873542434
232,0.58,101.873542434
233,0.5825,101.873542434
234,0.585,101.873542434
235,0.5875,101.873542434
236,0.59,101.873542434
237,0.5925,101.813610211
238,0.595,101.873542434
239,0.5975,101.813610211
240,0.6,101.873542434
241,0.6025,101.873542434
242,0.605,101.873542434
243,0.6075,101.873542434
244,0.61,101.873542434
245,0.6125,101.873542434
246,0.615,101.873542434
247,0.6175,101.873542434
248,0.62,101.873542434
249,0.6225,101.873542434
250,0.625,101.873542434
251,0.6275,101.813610211
252,0.63,101.813610211
253,0.6325,101.813610211
254,0.635,101.813610211
255,0.6375,101.873542434
256,0.64,101.873542434
257,0.6425,101.873542434
258,0.645,101.873542434
259,0.6475,101.873542434
260,0.65,101.873542434
261,0.6525,101.873542434
262,0.655,101.873542434
263,0.6575,101.873542434
264,0.66,101.873542434
265,0.6625,101.873542434
266,0.665,101.873542434
267,0.6675,101.873542434
268,0.67,101.873542434
269,0.6725,101.873542434
270,0.675,101.813610211
271,0.6775,101.873542434
272,0.68,101.813610211
273,0.6825,101.873542434
274,0.685,101.873542434
275,0.6875,101.873542434
276,0.69,101.873542434
277,0.6925,101.873542434
278,0.695,101.873542434
279,0.6975,101.873542434
280,0.7,101.873542434
281,0.7025,101.873542434
282,0.705,101.873542434
283,0.7075,101.813610211
284,0.71,101.813610211
285,0.7125,101.873542434
286,0.715,101.873542434
287,0.7175,101.873542434
288,0.72,101.873542434
289,0.7225,101.873542434
290,0.725,101.873542434
291,0.7275,101.873542434
292,0.73,101.873542434
293,0.7325,101.813610211
294,0.735,101.873542434
295,0.7375,101.813610211
296,0.74,101.873542434
297,0.7425,101.873542434
298,0.745,101.813610211
299,0.7475,101.813610211
300,0.75,101.873542434
301,0.7525,101.813610211
302,0.755,101.873542434
303,0.7575,101.873542434
304,0.76,101.873542434
305,0.7625,101.873542434
306,0.765,101.873542434
307,0.7675,101.873542434
308,0.77,101.873542434
309,0.7725,101.873542434
310,0.775,101.873542434
311,0.7775,101.873542434
312,0.78,101.873542434
313,0.7825,101.873542434
314,0.785,101.873542434
315,0.7875,101.813610211
316,0.79,101.813610211
317,0.7925,101.873542434
318,0.795,101.873542434
319,0.7975,101.873542434
320,0.8,101.873542434
321,0.8025,101.873542434
322,0.805,101.873542434
323,0.8075,101.873542434
324,0.81,101.873542434
325,0.8125,101.873542434
326,0.815,101.873542434
327,0.8175,101.873542434
328,0.82,101.813610211
329,0.8225,101.873542434
330,0.825,101.873542434
331,0.8275,101.873542434
332,0.83,101.873542434
333,0.8325,101.873542434
334,0.835,101.873542434
335,0.8375,101.873542434
336,0.84,101.873542434
337,0.8425,101.873542434
338,0.845,101.813610211
339,0.8475,101.813610211
340,0.85,101.813610211
341,0.8525,101.813610211
342,0.855,101.813610211
343,0.8575,101.873542434
344,0.86,101.873542434
345,0.8625,101.873542434
346,0.865,101.873542434
347,0.8675,101.813610211
348,0.87,101.873542434
349,0.8725,101.873542434
350,0.875,101.873542434
351,0.8775,101.873542434
352,0.88,101.873542434
353,0.8825,101.873542434
354,0.885,101.813610211
355,0.8875,101.813610211
356,0.89,101.873542434
357,0.8925,101.813610211
358,0.895,101.813610211
359,0.8975,101.873542434
360,0.9,101.873542434
361,0.9025,101.873542434
362,0.905,101.873542434
363,0.9075,101.873542434
364,0.91,101.873542434
365,0.9125,101.873542434
366,0.915,101.873542434
367,0.9175,101.873542434
368,0.92,101.873542434
369,0.9225,101.813610211
370,0.925,101.813610211
371,0.9275,101.873542434
372,0.93,101.873542434
373,0.9325,101.813610211
374,0.935,101.813610211
375,0.9375,101.873542434
376,0.94,101.813610211
377,0.9425,101.873542434
378,0.945,101.873542434
379,0.9475,101.873542434
380,0.95,101.873542434
381,0.9525,101.813610211
382,0.955,101.873542434
383,0.9575,101.873542434
384,0.96,101.873542434
385,0.9625,101.873542434
386,0.965,101.873542434
387,0.9675,101.813610211
388,0.97,101.873542434
389,0.9725,101.813610211
390,0.975,101.873542434
391,0.9775,101.873542434
392,0.98,101.873542434
393,0.9825,101.873542434
394,0.985,101.873542434
395,0.9875,101.873542434
396,0.99,101.873542434
397,0.9925,101.873542434
398,0.995,101.873542434
399,0.9975,101.873542434
400,1.0,101.873542434
401,1.0025,101.873542434
402,1.005,101.873542434
403,1.0075,101.873542434
404,1.01,101.873542434
405,1.0125,101.873542434
406,1.015,101.873542434
407,1.0175,101.873542434
408,1.02,101.873542434
409,1.0225,101.873542434
410,1.025,101.873542434
411,1.0275,101.873542434
412,1.03,101.873542434
413,1.0325,101.813610211
414,1.035,101.873542434
415,1.0375,101.873542434
416,1.04,101.813610211
417,1.0425,101.873542434
418,1.045,101.813610211
419,1.0475,101.873542434
420,1.05,101.873542434
421,1.0525,101.873542434
422,1.055,101.873542434
423,1.0575,101.873542434
424,1.06,101.873542434
425,1.0625,101.873542434
426,1.065,101.873542434
427,1.0675,101.873542434
428,1.07,101.873542434
429,1.0725,101.813610211
430,1.075,101.813610211
431,1.0775,101.813610211
432,1.08,101.813610211
433,1.0825,101.873542434
434,1.085,101.813610211
435,1.0875,101.873542434
436,1.09,101.873542434
437,1.0925,101.873542434
438,1.095,101.873542434
439,1.0975,101.873542434
440,1.1,101.873542434
441,1.1025,101.873542434
442,1.105,101.873542434
443,1.1075,101.873542434
444,1.11,101.873542434
445,1.1125,101.813610211
446,1.115,101.873542434
447,1.1175,101.873542434
448,1.12,101.813610211
449,1.1225,101.813610211
450,1.125,101.873542434
451,1.1275,101.873542434
452,1.13,101.873542434
453,1.1325,101.873542434
454,1.135,101.873542434
455,1.1375,101.873542434
456,1.14,101.873542434
457,1.1425,101.873542434
458,1.145,101.813610211
459,1.1475,101.873542434
460,1.15,101.873542434
461,1.1525,101.813610211
462,1.155,101.873542434
463,1.1575,101.873542434
464,1.16,101.873542434
465,1.1625,101.873542434
466,1.165,101.873542434
467,1.1675,101.873542434
468,1.17,101.873542434
469,1.1725,101.873542434
470,1.175,101.873542434
471,1.1775,101.873542434
472,1.18,101.813610211
473,1.1825,101.813610211
474,1.185,101.813610211
475,1.1875,101.873542434
476,1.19,101.813610211
477,1.1925,101.873542434
478,1.195,101.813610211
479,1.1975,101.873542434
480,1.2,101.873542434
481,1.2025,101.873542434
482,1.205,101.813610211
483,1.2075,101.873542434
484,1.21,101.873542434
485,1.2125,101.813610211
486,1.215,101.873542434
487,1.2175,101.873542434
488,1.22,101.873542434
489,1.2225,101.873542434
490,1.225,101.873542434
491,1.2275,101.873542434
492,1.23,101.813610211
493,1.2325,101.813610211
494,1.235,101.873542434
495,1.2375,101.873542434
496,1.24,101.873542434
497,1.2425,101.873542434
498,1.245,101.873542434
499,1.2475,101.873542434
500,1.25,101.873542434
501,1.2525,101.873542434
502,1.255,101.813610211
503,1.2575,101.873542434
504,1.26,101.813610211
505,1.2625,101.813610211
506,1.265,101.873542434
507,1.2675,101.813610211
508,1.27,101.873542434
509,1.2725,101.873542434
510,1.275,101.873542434
511,1.2775,101.873542434
512,1.28,101.873542434
513,1.2825,101.813610211
514,1.285,101.813610211
515,1.2875,101.873542434
516,1.29,101.813610211
517,1.2925,101.873542434
518,1.295,101.813610211
519,1.2975,101.873542434
520,1.3,101.813610211
521,1.3025,101.873542434
522,1.305,101.813610211
523,1.3075,101.813610211
524,1.31,101.873542434
525,1.3125,101.873542434
526,1.315,101.873542434
527,1.3175,101.873542434
528,1.32,101.873542434
529,1.3225,101.873542434
530,1.325,101.873542434
531,1.3275,101.873542434
532,1.33,101.873542434
533,1.3325,101.813610211
534,1.335,101.813610211
535,1.3375,101.873542434
536,1.34,101.813610211
537,1.3425,101.873542434
538,1.345,101.873542434
539,1.3475,101.813610211
540,1.35,101.873542434
541,1.3525,101.873542434
542,1.355,101.873542434
543,1.3575,101.873542434
544,1.36,101.873542434
545,1.3625,101.873542434
546,1.365,101.873542434
547,1.3675,101.813610211
548,1.37,101.813610211
549,1.3725,101.873542434
550,1.375,101.813610211
551,1.3775,101.813610211
552,1.38,101.873542434
553,1.3825,101.873542434
554,1.385,101.873542434
555,1.3875,101.873542434
556,1.39,101.873542434
557,1.3925,101.873542434
558,1.395,101.873542434
559,1.3975,101.813610211
560,1.4,101.873542434
561,1.4025,101.813610211
562,1.405,101.873542434
563,1.4075,101.873542434
564,1.41,101.873542434
565,1.4125,101.873542434
566,1.415,101.873542434
567,1.4175,101.873542434
568,1.42,101.873542434
569,1.4225,101.873542434
570,1.425,101.873542434
571,1.4275,101.873542434
572,1.43,101.873542434
573,1.4325,101.813610211
574,1.435,101.873542434
575,1.4375,101.873542434
576,1.44,101.873542434
577,1.4425,101.873542434
578,1.445,101.813610211
579,1.4475,101.873542434
580,1.45,101.873542434
581,1.4525,101.813610211
582,1.455,101.873542434
583,1.4575,101.813610211
584,1.46,101.873542434
585,1.4625,101.873542434
586,1.465,101.873542434
587,1.4675,101.873542434
588,1.47,101.873542434
589,1.4725,101.873542434
590,1.475,101.873542434
591,1.4775,101.813610211
592,1.48,101.813610211
593,1.4825,101.813610211
594,1.485,101.813610211
595,1.4875,101.873542434
596,1.49,101.873542434
597,1.4925,101.873542434
598,1.495,101.873542434
599,1.4975,101.873542434
600,1.5,101.873542434
601,1.5025,101.813610211
602,1.505,101.813610211
603,1.5075,101.813610211
604,1.51,101.873542434
605,1.5125,101.873542434
606,1.515,101.873542434
607,1.5175,101.873542434
608,1.52,101.813610211
609,1.5225,101.813610211
610,1.525,101.813610211
611,1.5275,101.813610211
612,1.53,101.873542434
613,1.5325,101.873542434
614,1.535,101.873542434
615,1.5375,101.873542434
616,1.54,101.873542434
617,1.5425,101.873542434
618,1.545,101.873542434
619,1.5475,101.873542434
620,1.55,101.873542434
621,1.5525,101.873542434
622,1.555,101.873542434
623,1.5575,101.873542434
624,1.56,101.873542434
625,1.5625,101.813610211
626,1.565,101.813610211
627,1.5675,101.813610211
628,1.57,101.873542434
629,1.5725,101.873542434
630,1.575,101.873542434
631,1.5775,101.873542434
632,1.58,101.873542434
633,1.5825,101.873542434
634,1.585,101.873542434
635,1.5875,101.873542434
636,1.59,101.813610211
637,1.5925,101.813610211
638,1.595,101.873542434
639,1.5975,101.813610211
640,1.6,101.813610211
641,1.6025,101.873542434
642,1.605,101.873542434
643,1.6075,101.873542434
644,1.61,101.873542434
645,1.6125,101.873542434
646,1.615,101.873542434
647,1.6175,101.873542434
648,1.62,101.813610211
649,1.6225,101.873542434
650,1.625,101.813610211
651,1.6275,101.873542434
652,1.63,101.873542434
653,1.6325,101.813610211
654,1.635,101.813610211
655,1.6375,101.873542434
656,1.64,101.873542434
657,1.6425,101.813610211
658,1.645,101.873542434
659,1.6475,101.873542434
660,1.65,101.873542434
661,1.6525,101.873542434
662,1.655,101.873542434
663,1.6575,101.873542434
664,1.66,101.873542434
665,1.6625,101.813610211
666,1.665,101.873542434
667,1.6675,101.873542434
668,1.67,101.873542434
669,1.6725,101.813610211
670,1.675,101.813610211
671,1.6775,101.813610211
672,1.68,101.813610211
673,1.6825,101.873542434
674,1.685,101.873542434
675,1.6875,101.873542434
676,1.69,101.873542434
677,1.6925,101.873542434
678,1.695,101.873542434
679,1.6975,101.873542434
680,1.7,101.873542434
681,1.7025,101.873542434
682,1.705,101.813610211
683,1.7075,101.813610211
684,1.71,101.873542434
685,1.7125,101.813610211
686,1.715,101.873542434
687,1.7175,101.873542434
688,1.72,101.873542434
689,1.7225,101.873542434
690,1.725,101.873542434
691,1.7275,101.873542434
692,1.73,101.813610211
693,1.7325,101.813610211
694,1.735,101.873542434
695,1.7375,101.873542434
696,1.74,101.813610211
697,1.7425,101.813610211
698,1.745,101.813610211
699,1.7475,101.813610211
700,1.75,101.873542434
701,1.7525,101.873542434
702,1.755,101.813610211
703,1.7575,101.873542434
704,1.76,101.873542434
705,1.7625,101.873542434
706,1.765,101.873542434
707,1.7675,101.873542434
708,1.77,101.873542434
709,1.7725,101.873542434
710,1.775,101.873542434
711,1.7775,101.873542434
712,1.78,101.873542434
713,1.7825,101.873542434
714,1.785,101.873542434
715,1.7875,101.813610211
716,1.79,101.873542434
717,1.7925,101.873542434
718,1.795,101.873542434
719,1.7975,101.873542434
720,1.8,101.873542434
721,1.8025,101.873542434
722,1.805,101.873542434
723,1.8075,101.873542434
724,1.81,101.873542434
725,1.8125,101.873542434
726,1.815,101.873542434
727,1.8175,101.813610211
728,1.82,101.873542434
729,1.8225,101.873542434
730,1.825,101.813610211
731,1.8275,101.813610211
732,1.83,101.873542434
733,1.8325,101.873542434
734,1.835,101.873542434
735,1.8375,101.873542434
736,1.84,101.873542434
737,1.8425,101.873542434
738,1.845,101.873542434
739,1.8475,101.813610211
740,1.85,101.873542434
741,1.8525,101.813610211
742,1.855,101.873542434
743,1.8575,101.813610211
744,1.86,101.873542434
745,1.8625,101.873542434
746,1.865,101.813610211
747,1.8675,101.873542434
748,1.87,101.873542434
749,1.8725,101.873542434
750,1.875,101.873542434
751,1.8775,101.873542434
752,1.88,101.873542434
753,1.8825,101.873542434
754,1.885,101.873542434
755,1.8875,101.873542434
756,1.89,101.873542434
757,1.8925,101.873542434
758,1.895,101.873542434
759,1.8975,101.873542434
760,1.9,101.813610211
761,1.9025,101.873542434
762,1.905,101.813610211
763,1.9075,101.813610211
764,1.91,101.873542434
765,1.9125,101.873542434
766,1.915,101.873542434
767,1.9175,101.873542434
768,1.92,101.873542434
769,1.9225,101.873542434
770,1.925,101.873542434
771,1.9275,101.873542434
772,1.93,101.873542434
773,1.9325,101.873542434
774,1.935,101.873542434
775,1.9375,101.873542434
776,1.94,101.873542434
777,1.9425,101.873542434
778,1.945,101.873542434
779,1.9475,101.873542434
780,1.95,101.873542434
781,1.9525,101.873542434
782,1.955,101.813610211
783,1.9575,101.873542434
784,1.96,101.873542434
785,1.9625,101.873542434
786,1.965,101.873542434
787,1.9675,101.813610211
788,1.97,101.813610211
789,1.9725,101.813610211
790,1.975,101.813610211
791,1.9775,101.873542434
792,1.98,101.873542434
793,1.9825,101.873542434
794,1.985,101.873542434
795,1.9875,101.873542434
796,1.99,101.873542434
797,1.9925,101.873542434
798,1.995,101.873542434
799,1.9975,101.873542434
800,2.0,101.873542434
801,2.0025,101.873542434
802,2.005,101.873542434
803,2.0075,101.873542434
804,2.01,101.873542434
805,2.0125,101.873542434
806,2.015,101.873542434
807,2.0175,101.813610211
808,2.02,101.873542434
809,2.0225,101.873542434
810,2.025,101.873542434
811,2.0275,101.873542434
812,2.03,101.873542434
813,2.0325,101.873542434
814,2.035,101.873542434
815,2.0375,101.873542434
816,2.04,101.873542434
817,2.0425,101.873542434
818,2.045,101.813610211
819,2.0475,101.873542434
820,2.05,101.873542434
821,2.0525,101.873542434
822,2.055,101.873542434
823,2.0575,101.873542434
824,2.06,101.873542434
825,2.0625,101.873542434
826,2.065,101.873542434
827,2.0675,101.873542434
828,2.07,101.873542434
829,2.0725,101.813610211
830,2.075,101.813610211
831,2.0775,101.873542434
832,2.08,101.873542434
833,2.0825,101.873542434
834,2.085,101.873542434
835,2.0875,101.873542434
836,2.09,101.813610211
837,2.0925,101.873542434
838,2.095,101.873542434
839,2.0975,101.873542434
840,2.1,101.873542434
841,2.1025,101.873542434
842,2.105,101.873542434
843,2.1075,101.873542434
844,2.11,101.873542434
845,2.1125,101.873542434
846,2.115,101.873542434
847,2.1175,101.813610211
848,2.12,101.873542434
849,2.1225,101.813610211
850,2.125,101.873542434
851,2.1275,101.813610211
852,2.13,101.873542434
853,2.1325,101.873542434
854,2.135,101.873542434
855,2.1375,101.873542434
856,2.14,101.873542434
857,2.1425,101.873542434
858,2.145,101.873542434
859,2.1475,101.873542434
860,2.15,101.873542434
861,2.1525,101.873542434
862,2.155,101.873542434
863,2.1575,101.813610211
864,2.16,101.813610211
865,2.1625,101.873542434
866,2.165,101.873542434
867,2.1675,101.873542434
868,2.17,101.873542434
869,2.1725,101.873542434
870,2.175,101.873542434
871,2.1775,101.873542434
872,2.18,101.873542434
873,2.1825,101.813610211
874,2.185,101.873542434
875,2.1875,101.813610211
876,2.19,101.873542434
877,2.1925,101.873542434
878,2.195,101.813610211
879,2.1975,101.873542434
880,2.2,101.873542434
881,2.2025,101.873542434
882,2.205,101.873542434
883,2.2075,101.873542434
884,2.21,101.873542434
885,2.2125,101.873542434
886,2.215,101.873542434
887,2.2175,101.873542434
888,2.22,101.873542434
889,2.2225,101.873542434
890,2.225,101.873542434
891,2.2275,101.873542434
892,2.23,101.873542434
893,2.2325,101.813610211
894,2.235,101.873542434
895,2.2375,101.873542434
896,2.24,101.813610211
897,2.2425,101.813610211
898,2.245,101.873542434
899,2.2475,101.873542434
900,2.25,101.873542434
901,2.2525,101.873542434
902,2.255,101.873542434
903,2.2575,101.873542434
904,2.26,101.873542434
905,2.2625,101.873542434
906,2.265,101.873542434
907,2.2675,101.873542434
908,2.27,101.813610211
909,2.2725,101.873542434
910,2.275,101.813610211
911,2.2775,101.873542434
912,2.28,101.873542434
913,2.2825,101.813610211
914,2.285,101.873542434
915,2.2875,101.873542434
916,2.29,101.873542434
917,2.2925,101.873542434
918,2.295,101.873542434
919,2.2975,101.873542434
920,2.3,101.813610211
921,2.3025,101.873542434
922,2.305,101.873542434
923,2.3075,101.873542434
924,2.31,101.873542434
925,2.3125,101.873542434
926,2.315,101.873542434
927,2.3175,101.873542434
928,2.32,101.873542434
929,2.3225,101.873542434
930,2.325,101.873542434
931,2.3275,101.873542434
932,2.33,101.873542434
933,2.3325,101.873542434
934,2.335,101.873542434
935,2.3375,101.813610211
936,2.34,101.873542434
937,2.3425,101.873542434
938,2.345,101.813610211
939,2.3475,101.873542434
940,2.35,101.873542434
941,2.3525,101.873542434
942,2.355,101.813610211
943,2.3575,101.873542434
944,2.36,101.813610211
945,2.3625,101.873542434
946,2.365,101.873542434
947,2.3675,101.873542434
948,2.37,101.873542434
949,2.3725,101.873542434
950,2.375,101.873542434
951,2.3775,101.873542434
952,2.38,101.873542434
953,2.3825,101.813610211
954,2.385,101.873542434
955,2.3875,101.873542434
956,2.39,101.813610211
957,2.3925,101.873542434
958,2.395,101.813610211
959,2.3975,101.873542434
960,2.4,101.873542434
961,2.4025,101.873542434
962,2.405,101.873542434
963,2.4075,101.873542434
964,2.41,101.873542434
965,2.4125,101.873542434
966,2.415,101.873542434
967,2.4175,101.813610211
968,2.42,101.873542434
969,2.4225,101.873542434
970,2.425,101.873542434
971,2.4275,101.813610211
972,2.43,101.813610211
973,2.4325,101.813610211
974,2.435,101.873542434
975,2.4375,101.873542434
976,2.44,101.873542434
977,2.4425,101.873542434
978,2.445,101.873542434
979,2.4475,101.873542434
980,2.45,101.873542434
981,2.4525,101.873542434
982,2.455,101.873542434
983,2.4575,101.873542434
984,2.46,101.873542434
985,2.4625,101.873542434
986,2.465,101.873542434
987,2.4675,101.873542434
988,2.47,101.813610211
989,2.4725,101.813610211
990,2.475,101.873542434
991,2.4775,101.813610211
992,2.48,101.873542434
993,2.4825,101.873542434
994,2.485,101.873542434
995,2.4875,101.873542434
996,2.49,101.873542434
997,2.4925,101.873542434
998,2.495,101.873542434
999,2.4975,101.873542434
1000,2.5,101.813610211
1001,2.5025,101.873542434
1002,2.505,101.873542434
1003,2.5075,101.873542434
1004,2.51,101.813610211
1005,2.5125,101.873542434
1006,2.515,101.873542434
1007,2.5175,101.873542434
1008,2.52,101.873542434
1009,2.5225,101.873542434
1010,2.525,101.813610211
1011,2.5275,101.873542434
1012,2.53,101.873542434
1013,2.5325,101.813610211
1014,2.535,101.873542434
1015,2.5375,101.813610211
1016,2.54,101.873542434
1017,2.5425,101.873542434
1018,2.545,101.873542434
1019,2.5475,101.873542434
1020,2.55,101.813610211
1021,2.5525,101.873542434
1022,2.555,101.873542434
1023,2.5575,101.873542434
1024,2.56,101.873542434
1025,2.5625,101.873542434
1026,2.565,101.873542434
1027,2.5675,101.813610211
1028,2.57,101.873542434
1029,2.5725,101.873542434
1030,2.575,101.873542434
1031,2.5775,101.873542434
1032,2.58,101.873542434
1033,2.5825,101.813610211
1034,2.585,101.813610211
1035,2.5875,101.813610211
1036,2.59,101.813610211
1037,2.5925,101.873542434
1038,2.595,101.873542434
1039,2.5975,101.873542434
1040,2.6,101.873542434
1041,2.6025,101.873542434
1042,2.605,101.873542434
1043,2.6075,101.873542434
1044,2.61,101.873542434
1045,2.6125,101.873542434
1046,2.615,101.873542434
1047,2.6175,101.813610211
1048,2.62,101.813610211
1049,2.6225,101.813610211
1050,2.625,101.813610211
1051,2.6275,101.813610211
1052,2.63,101.873542434
1053,2.6325,101.873542434
1054,2.635,101.873542434
1055,2.6375,101.873542434
1056,2.64,101.813610211
1057,2.6425,101.873542434
1058,2.645,101.873542434
1059,2.6475,101.873542434
1060,2.65,101.813610211
1061,2.6525,101.813610211
1062,2.655,101.873542434
1063,2.6575,101.813610211
1064,2.66,101.873542434
1065,2.6625,101.873542434
1066,2.665,101.873542434
1067,2.6675,101.873542434
1068,2.67,101.873542434
1069,2.6725,101.873542434
1070,2.675,101.873542434
1071,2.6775,101.873542434
1072,2.68,101.873542434
1073,2.6825,101.873542434
1074,2.685,101.873542434
1075,2.6875,101.813610211
1076,2.69,101.813610211
1077,2.6925,101.873542434
1078,2.695,101.873542434
1079,2.6975,101.873542434
1080,2.7,101.813610211
1081,2.7025,101.813610211
1082,2.705,101.813610211
1083,2.7075,101.873542434
1084,2.71,101.873542434
1085,2.7125,101.873542434
1086,2.715,101.873542434
1087,2.7175,101.873542434
1088,2.72,101.873542434
1089,2.7225,101.873542434
1090,2.725,101.873542434
1091,2.7275,101.873542434
1092,2.73,101.813610211
1093,2.7325,101.813610211
1094,2.735,101.813610211
1095,2.7375,101.813610211
1096,2.74,101.813610211
1097,2.7425,101.873542434
1098,2.745,101.873542434
1099,2.7475,101.873542434
1100,2.75,101.873542434
1101,2.7525,101.873542434
1102,2.755,101.873542434
1103,2.7575,101.813610211
1104,2.76,101.873542434
1105,2.7625,101.873542434
1106,2.765,101.873542434
1107,2.7675,101.813610211
1108,2.77,101.813610211
1109,2.7725,101.873542434
1110,2.775,101.873542434
1111,2.7775,101.873542434
1112,2.78,101.873542434
1113,2.7825,101.873542434
1114,2.785,101.873542434
1115,2.7875,101.813610211
1116,2.79,101.873542434
1117,2.7925,101.873542434
1118,2.795,101.873542434
1119,2.7975,101.813610211
1120,2.8,101.813610211
1121,2.8025,101.813610211
1122,2.805,101.813610211
1123,2.8075,101.873542434
1124,2.81,101.813610211
1125,2.8125,101.873542434
1126,2.815,101.813610211
1127,2.8175,101.813610211
1128,2.82,101.813610211
1129,2.8225,101.813610211
1130,2.825,101.813610211
1131,2.8275,101.873542434
1132,2.83,101.873542434
1133,2.8325,101.873542434
1134,2.835,101.873542434
1135,2.8375,101.873542434
1136,2.84,101.873542434
1137,2.8425,101.813610211
1138,2.845,101.813610211
1139,2.8475,101.873542434
1140,2.85,101.873542434
1141,2.8525,101.813610211
1142,2.855,101.873542434
1143,2.8575,101.813610211
1144,2.86,101.873542434
1145,2.8625,101.813610211
1146,2.865,101.873542434
1147,2.8675,101.813610211
1148,2.87,101.873542434
1149,2.8725,101.813610211
1150,2.875,101.813610211
1151,2.8775,101.873542434
1152,2.88,101.873542434
1153,2.8825,101.813610211
1154,2.885,101.813610211
1155,2.8875,101.873542434
1156,2.89,101.813610211
1157,2.8925,101.873542434
1158,2.895,101.813610211
1159,2.8975,101.813610211
1160,2.9,101.873542434
1161,2.9025,101.873542434
1162,2.905,101.873542434
1163,2.9075,101.873542434
1164,2.91,101.873542434
1165,2.9125,101.873542434
1166,2.915,101.873542434
1167,2.9175,101.873542434
1168,2.92,101.873542434
1169,2.9225,101.873542434
1170,2.925,101.873542434
1171,2.9275,101.873542434
1172,2.93,101.873542434
1173,2.9325,101.873542434
1174,2.935,101.873542434
1175,2.9375,101.813610211
1176,2.94,101.873542434
1177,2.9425,101.873542434
1178,2.945,101.873542434
1179,2.9475,101.873542434
1180,2.95,101.873542434
1181,2.9525,101.873542434
1182,2.955,101.873542434
1183,2.9575,101.813610211
1184,2.96,101.813610211
1185,2.9625,101.873542434
1186,2.965,101.813610211
1187,2.9675,101.813610211
1188,2.97,101.813610211
1189,2.9725,101.813610211
1190,2.975,101.813610211
1191,2.9775,101.813610211
1192,2.98,101.873542434
1193,2.9825,101.873542434
1194,2.985,101.873542434
1195,2.9875,101.873542434
1196,2.99,101.873542434
1197,2.9925,101.813610211
1198,2.995,101.873542434
1199,2.9975,101.813610211
1200,3.0,101.873542434
1201,3.0025,101.813610211
1202,3.005,101.813610211
1203,3.0075,101.873542434
1204,3.01,101.873542434
1205,3.0125,101.873542434
1206,3.015,101.873542434
1207,3.0175,101.873542434
1208,3.02,101.873542434
1209,3.0225,101.873542434
1210,3.025,101.873542434
1211,3.0275,101.873542434
1212,3.03,101.873542434
1213,3.0325,101.813610211
1214,3.035,101.873542434
1215,3.0375,101.873542434
1216,3.04,101.873542434
1217,3.0425,101.813610211
1218,3.045,101.813610211
1219,3.0475,101.873542434
1220,3.05,101.813610211
1221,3.0525,101.813610211
1222,3.055,101.813610211
1223,3.0575,101.873542434
1224,3.06,101.873542434
1225,3.0625,101.873542434
1226,3.065,101.873542434
1227,3.0675,101.873542434
1228,3.07,101.873542434
1229,3.0725,101.873542434
1230,3.075,101.873542434
1231,3.0775,101.873542434
1232,3.08,101.813610211
1233,3.0825,101.813610211
1234,3.085,101.873542434
1235,3.0875,101.813610211
1236,3.09,101.813610211
1237,3.0925,101.813610211
1238,3.095,101.813610211
1239,3.0975,101.873542434
1240,3.1,101.873542434
1241,3.1025,101.873542434
1242,3.105,101.813610211
1243,3.1075,101.873542434
1244,3.11,101.813610211
1245,3.1125,101.813610211
1246,3.115,101.873542434
1247,3.1175,101.813610211
1248,3.12,101.813610211
1249,3.1225,101.813610211
1250,3.125,101.813610211
1251,3.1275,101.873542434
1252,3.13,101.813610211
1253,3.1325,101.813610211
1254,3.135,101.813610211
1255,3.1375,101.873542434
1256,3.14,101.873542434
1257,3.1425,101.873542434
1258,3.145,101.873542434
1259,3.1475,101.873542434
1260,3.15,101.873542434
1261,3.1525,101.873542434
1262,3.155,101.873542434
1263,3.1575,101.813610211
1264,3.16,101.873542434
1265,3.1625,101.813610211
1266,3.165,101.813610211
1267,3.1675,101.813610211
1268,3.17,101.813610211
1269,3.1725,101.813610211
1270,3.175,101.873542434
1271,3.1775,101.873542434
1272,3.18,101.873542434
1273,3.1825,101.873542434
1274,3.185,101.873542434
1275,3.1875,101.873542434
1276,3.19,101.873542434
1277,3.1925,101.813610211
1278,3.195,101.813610211
1279,3.1975,101.813610211
1280,3.2,101.813610211
1281,3.2025,101.873542434
1282,3.205,101.813610211
1283,3.2075,101.813610211
1284,3.21,101.813610211
1285,3.2125,101.873542434
1286,3.215,101.873542434
1287,3.2175,101.873542434
1288,3.22,101.873542434
1289,3.2225,101.873542434
1290,3.225,101.873542434
1291,3.2275,101.813610211
1292,3.23,101.873542434
1293,3.2325,101.813610211
1294,3.235,101.813610211
1295,3.2375,101.813610211
1296,3.24,101.813610211
1297,3.2425,101.873542434
1298,3.245,101.873542434
1299,3.2475,101.813610211
1300,3.25,101.873542434
1301,3.2525,101.873542434
1302,3.255,101.813610211
1303,3.2575,101.813610211
1304,3.26,101.813610211
1305,3.2625,101.873542434
1306,3.265,101.873542434
1307,3.2675,101.873542434
1308,3.27,101.873542434
1309,3.2725,101.873542434
1310,3.275,101.873542434
1311,3.2775,101.873542434
1312,3.28,101.813610211
1313,3.2825,101.813610211
1314,3.285,101.813610211
1315,3.2875,101.813610211
1316,3.29,101.813610211
1317,3.2925,101.873542434
1318,3.295,101.873542434
1319,3.2975,101.873542434
1320,3.3,101.873542434
1321,3.3025,101.873542434
1322,3.305,101.873542434
1323,3.3075,101.873542434
1324,3.31,101.813610211
1325,3.3125,101.813610211
1326,3.315,101.813610211
1327,3.3175,101.813610211
1328,3.32,101.813610211
1329,3.3225,101.813610211
1330,3.325,101.813610211
1331,3.3275,101.813610211
1332,3.33,101.873542434
1333,3.3325,101.873542434
1334,3.335,101.873542434
1335,3.3375,101.873542434
1336,3.34,101.813610211
1337,3.3425,101.873542434
1338,3.345,101.873542434
1339,3.3475,101.813610211
1340,3.35,101.813610211
1341,3.3525,101.813610211
1342,3.355,101.813610211
1343,3.3575,101.873542434
1344,3.36,101.873542434
1345,3.3625,101.873542434
1346,3.365,101.813610211
1347,3.3675,101.813610211
1348,3.37,101.873542434
1349,3.3725,101.873542434
1350,3.375,101.873542434
1351,3.3775,101.813610211
1352,3.38,101.813610211
1353,3.3825,101.873542434
1354,3.385,101.873542434
1355,3.3875,101.873542434
1356,3.39,101.813610211
1357,3.3925,101.873542434
1358,3.395,101.813610211
1359,3.3975,101.873542434
1360,3.4,101.813610211
1361,3.4025,101.813610211
1362,3.405,101.873542434
1363,3.4075,101.873542434
1364,3.41,101.813610211
1365,3.4125,101.813610211
1366,3.415,101.873542434
1367,3.4175,101.873542434
1368,3.42,101.873542434
1369,3.4225,101.873542434
1370,3.425,101.873542434
1371,3.4275,101.873542434
1372,3.43,101.873542434
1373,3.4325,101.813610211
1374,3.435,101.813610211
1375,3.4375,101.873542434
1376,3.44,101.813610211
1377,3.4425,101.813610211
1378,3.445,101.813610211
1379,3.4475,101.813610211
1380,3.45,101.813610211
1381,3.4525,101.873542434
1382,3.455,101.873542434
1383,3.4575,101.873542434
1384,3.46,101.813610211
1385,3.4625,101.873542434
1386,3.465,101.873542434
1387,3.4675,101.813610211
1388,3.47,101.813610211
1389,3.4725,101.873542434
1390,3.475,101.813610211
1391,3.4775,101.813610211
1392,3.48,101.813610211
1393,3.4825,101.873542434
1394,3.485,101.873542434
1395,3.4875,101.873542434
1396,3.49,101.873542434
1397,3.4925,101.873542434
1398,3.495,101.873542434
1399,3.4975,101.873542434
1400,3.5,101.873542434
1401,3.5025,101.813610211
1402,3.505,101.873542434
1403,3.5075,101.873542434
1404,3.51,101.813610211
1405,3.5125,101.873542434
1406,3.515,101.873542434
1407,3.5175,101.873542434
1408,3.52,101.873542434
1409,3.5225,101.873542434
1410,3.525,101.813610211
1411,3.5275,101.813610211
1412,3.53,101.813610211
1413,3.5325,101.873542434
1414,3.535,101.813610211
1415,3.5375,101.873542434
1416,3.54,101.873542434
1417,3.5425,101.873542434
1418,3.545,101.813610211
1419,3.5475,101.813610211
1420,3.55,101.813610211
1421,3.5525,101.873542434
1422,3.555,101.813610211
1423,3.5575,101.813610211
1424,3.56,101.813610211
1425,3.5625,101.813610211
1426,3.565,101.873542434
1427,3.5675,101.813610211
1428,3.57,101.873542434
1429,3.5725,101.873542434
1430,3.575,101.873542434
1431,3.5775,101.873542434
1432,3.58,101.813610211
1433,3.5825,101.813610211
1434,3.585,101.873542434
1435,3.5875,101.873542434
1436,3.59,101.813610211
1437,3.5925,101.813610211
1438,3.595,101.873542434
1439,3.5975,101.813610211
1440,3.6,101.873542434
1441,3.6025,101.813610211
1442,3.605,101.873542434
1443,3.6075,101.873542434
1444,3.61,101.873542434
1445,3.6125,101.873542434
1446,3.615,101.873542434
1447,3.6175,101.873542434
1448,3.62,101.813610211
1449,3.6225,101.873542434
1450,3.625,101.873542434
1451,3.6275,101.873542434
1452,3.63,101.873542434
1453,3.6325,101.873542434
1454,3.635,101.873542434
1455,3.6375,101.813610211
1456,3.64,101.813610211
1457,3.6425,101.813610211
1458,3.645,101.813610211
1459,3.6475,101.813610211
1460,3.65,101.873542434
1461,3.6525,101.873542434
1462,3.655,101.873542434
1463,3.6575,101.873542434
1464,3.66,101.873542434
1465,3.6625,101.873542434
1466,3.665,101.873542434
1467,3.6675,101.873542434
1468,3.67,101.873542434
1469,3.6725,101.873542434
1470,3.675,101.813610211
1471,3.6775,101.873542434
1472,3.68,101.813610211
1473,3.6825,101.813610211
1474,3.685,101.813610211
1475,3.6875,101.873542434
1476,3.69,101.873542434
1477,3.6925,101.873542434
1478,3.695,101.873542434
1479,3.6975,101.873542434
1480,3.7,101.873542434
1481,3.7025,101.813610211
1482,3.705,101.813610211
1483,3.7075,101.813610211
1484,3.71,101.813610211
1485,3.7125,101.813610211
1486,3.715,101.813610211
1487,3.7175,101.813610211
1488,3.72,101.813610211
1489,3.7225,101.873542434
1490,3.725,101.873542434
1491,3.7275,101.813610211
1492,3.73,101.873542434
1493,3.7325,101.813610211
1494,3.735,101.873542434
1495,3.7375,101.873542434
1496,3.74,101.813610211
1497,3.7425,101.873542434
1498,3.745,101.873542434
1499,3.7475,101.873542434
1500,3.75,101.873542434
1501,3.7525,101.813610211
1502,3.755,101.873542434
1503,3.7575,101.813610211
1504,3.76,101.813610211
1505,3.7625,101.813610211
1506,3.765,101.813610211
1507,3.7675,101.873542434
1508,3.77,101.873542434
1509,3.7725,101.873542434
1510,3.775,101.873542434
1511,3.7775,101.873542434
1512,3.78,101.873542434
1513,3.7825,101.873542434
1514,3.785,101.873542434
1515,3.7875,101.873542434
1516,3.79,101.873542434
1517,3.7925,101.873542434
1518,3.795,101.813610211
1519,3.7975,101.873542434
1520,3.8,101.873542434
1521,3.8025,101.873542434
1522,3.805,101.813610211
1523,3.8075,101.873542434
1524,3.81,101.873542434
1525,3.8125,101.873542434
1526,3.815,101.873542434
1527,3.8175,101.873542434
1528,3.82,101.873542434
1529,3.8225,101.873542434
1530,3.825,101.813610211
1531,3.8275,101.813610211
1532,3.83,101.813610211
1533,3.8325,101.813610211
1534,3.835,101.873542434
1535,3.8375,101.873542434
1536,3.84,101.813610211
1537,3.8425,101.873542434
1538,3.845,101.873542434
1539,3.8475,101.813610211
1540,3.85,101.873542434
1541,3.8525,101.813610211
1542,3.855,101.873542434
1543,3.8575,101.873542434
1544,3.86,101.873542434
1545,3.8625,101.873542434
1546,3.865,101.873542434
1547,3.8675,101.873542434
1548,3.87,101.873542434
1549,3.8725,101.873542434
1550,3.875,101.873542434
1551,3.8775,101.873542434
1552,3.88,101.813610211
1553,3.8825,101.813610211
1554,3.885,101.813610211
1555,3.8875,101.813610211
1556,3.89,101.813610211
1557,3.8925,101.873542434
1558,3.895,101.813610211
1559,3.8975,101.873542434
1560,3.9,101.873542434
1561,3.9025,101.873542434
1562,3.905,101.873542434
1563,3.9075,101.873542434
1564,3.91,101.873542434
1565,3.9125,101.873542434
1566,3.915,101.873542434
1567,3.9175,101.873542434
1568,3.92,101.813610211
1569,3.9225,101.873542434
1570,3.925,101.813610211
1571,3.9275,101.873542434
1572,3.93,101.813610211
1573,3.9325,101.873542434
1574,3.935,101.813610211
1575,3.9375,101.873542434
1576,3.94,101.813610211
1577,3.9425,101.873542434
1578,3.945,101.873542434
1579,3.9475,101.813610211
1580,3.95,101.813610211
1581,3.9525,101.813610211
1582,3.955,101.813610211
1583,3.9575,101.813610211
1584,3.96,101.813610211
1585,3.9625,101.873542434
1586,3.965,101.873542434
1587,3.9675,101.873542434
1588,3.97,101.873542434
1589,3.9725,101.873542434
1590,3.975,101.873542434
1591,3.9775,101.873542434
1592,3.98,101.873542434
1593,3.9825,101.873542434
1594,3.985,101.873542434
1595,3.9875,101.813610211
1596,3.99,101.873542434
1597,3.9925,101.873542434
1598,3.995,101.873542434
1599,3.9975,101.873542434
1600,4.0,101.813610211
1601,4.0025,101.873542434
1602,4.005,101.813610211
1603,4.0075,101.873542434
1604,4.01,101.813610211
1605,4.0125,101.813610211
1606,4.015,101.813610211
1607,4.0175,101.873542434
1608,4.02,101.873542434
1609,4.0225,101.873542434
1610,4.025,101.873542434
1611,4.0275,101.873542434
1612,4.03,101.873542434
1613,4.0325,101.873542434
1614,4.035,101.873542434
1615,4.0375,101.873542434
1616,4.04,101.873542434
1617,4.0425,101.873542434
1618,4.045,101.813610211
1619,4.0475,101.873542434
1620,4.05,101.873542434
1621,4.0525,101.813610211
1622,4.055,101.813610211
1623,4.0575,101.813610211
1624,4.06,101.873542434
1625,4.0625,101.873542434
1626,4.065,101.873542434
1627,4.0675,101.873542434
1628,4.07,101.813610211
1629,4.0725,101.873542434
1630,4.075,101.813610211
1631,4.0775,101.813610211
1632,4.08,101.873542434
1633,4.0825,101.873542434
1634,4.085,101.873542434
1635,4.0875,101.873542434
1636,4.09,101.873542434
1637,4.0925,101.813610211
1638,4.095,101.873542434
1639,4.0975,101.873542434
1640,4.1,101.873542434
1641,4.1025,101.813610211
1642,4.105,101.873542434
1643,4.1075,101.873542434
1644,4.11,101.873542434
1645,4.1125,101.873542434
1646,4.115,101.873542434
1647,4.1175,101.813610211
1648,4.12,101.813610211
1649,4.1225,101.813610211
1650,4.125,101.873542434
1651,4.1275,101.873542434
1652,4.13,101.813610211
1653,4.1325,101.813610211
1654,4.135,101.813610211
1655,4.1375,101.813610211
1656,4.14,101.813610211
1657,4.1425,101.813610211
1658,4.145,101.873542434
1659,4.1475,101.873542434
1660,4.15,101.873542434
1661,4.1525,101.873542434
1662,4.155,101.873542434
1663,4.1575,101.873542434
1664,4.16,101.873542434
1665,4.1625,101.813610211
1666,4.165,101.873542434
1667,4.1675,101.813610211
1668,4.17,101.873542434
1669,4.1725,101.813610211
1670,4.175,101.873542434
1671,4.1775,101.873542434
1672,4.18,101.873542434
1673,4.1825,101.873542434
1674,4.185,101.873542434
1675,4.1875,101.873542434
1676,4.19,101.873542434
1677,4.1925,101.813610211
1678,4.195,101.873542434
1679,4.1975,101.873542434
1680,4.2,101.813610211
1681,4.2025,101.813610211
1682,4.205,101.813610211
1683,4.2075,101.873542434
1684,4.21,101.813610211
1685,4.2125,101.873542434
1686,4.215,101.873542434
1687,4.2175,101.813610211
1688,4.22,101.873542434
1689,4.2225,101.873542434
1690,4.225,101.873542434
1691,4.2275,101.873542434
1692,4.23,101.873542434
1693,4.2325,101.873542434
1694,4.235,101.873542434
1695,4.2375,101.873542434
1696,4.24,101.873542434
1697,4.2425,101.873542434
1698,4.245,101.813610211
1699,4.2475,101.873542434
1700,4.25,101.813610211
1701,4.2525,101.813610211
1702,4.255,101.813610211
1703,4.2575,101.813610211
1704,4.26,101.813610211
1705,4.2625,101.873542434
1706,4.265,101.873542434
1707,4.2675,101.813610211
1708,4.27,101.873542434
1709,4.2725,101.873542434
1710,4.275,101.873542434
1711,4.2775,101.873542434
1712,4.28,101.873542434
1713,4.2825,101.873542434
1714,4.285,101.813610211
1715,4.2875,101.813610211
1716,4.29,101.813610211
1717,4.2925,101.873542434
1718,4.295,101.813610211
1719,4.2975,101.873542434
1720,4.3,101.813610211
1721,4.3025,101.873542434
1722,4.305,101.813610211
1723,4.3075,101.873542434
1724,4.31,101.873542434
1725,4.3125,101.873542434
1726,4.315,101.813610211
1727,4.3175,101.813610211
1728,4.32,101.873542434
1729,4.3225,101.873542434
1730,4.325,101.813610211
1731,4.3275,101.813610211
1732,4.33,101.813610211
1733,4.3325,101.813610211
1734,4.335,101.873542434
1735,4.3375,101.813610211
1736,4.34,101.873542434
1737,4.3425,101.873542434
1738,4.345,101.873542434
1739,4.3475,101.873542434
1740,4.35,101.813610211
1741,4.3525,101.873542434
1742,4.355,101.873542434
1743,4.3575,101.873542434
1744,4.36,101.873542434
1745,4.3625,101.873542434
1746,4.365,101.873542434
1747,4.3675,101.873542434
1748,4.37,101.813610211
1749,4.3725,101.813610211
1750,4.375,101.813610211
1751,4.3775,101.873542434
1752,4.38,101.813610211
1753,4.3825,101.813610211
1754,4.385,101.813610211
1755,4.3875,101.813610211
1756,4.39,101.873542434
1757,4.3925,101.873542434
1758,4.395,101.873542434
1759,4.3975,101.873542434
1760,4.4,101.873542434
1761,4.4025,101.873542434
1762,4.405,101.873542434
1763,4.4075,101.873542434
1764,4.41,101.813610211
1765,4.4125,101.813610211
1766,4.415,101.813610211
1767,4.4175,101.813610211
1768,4.42,101.873542434
1769,4.4225,101.873542434
1770,4.425,101.873542434
1771,4.4275,101.873542434
1772,4.43,101.873542434
1773,4.4325,101.873542434
1774,4.435,101.873542434
1775,4.4375,101.873542434
1776,4.44,101.873542434
1777,4.4425,101.873542434
1778,4.445,101.813610211
1779,4.4475,101.873542434
1780,4.45,101.813610211
1781,4.4525,101.813610211
1782,4.455,101.873542434
1783,4.4575,101.873542434
1784,4.46,101.813610211
1785,4.4625,101.873542434
1786,4.465,101.813610211
1787,4.4675,101.873542434
1788,4.47,101.813610211
1789,4.4725,101.873542434
1790,4.475,101.873542434
1791,4.4775,101.873542434
1792,4.48,101.873542434
1793,4.4825,101.873542434
1794,4.485,101.873542434
1795,4.4875,101.813610211
1796,4.49,101.873542434
1797,4.4925,101.813610211
1798,4.495,101.813610211
1799,4.4975,101.813610211
1800,4.5,101.873542434
1801,4.5025,101.813610211
1802,4.505,101.813610211
1803,4.5075,101.813610211
1804,4.51,101.873542434
1805,4.5125,101.813610211
1806,4.515,101.813610211
1807,4.5175,101.813610211
1808,4.52,101.873542434
1809,4.5225,101.873542434
1810,4.525,101.873542434
1811,4.5275,101.873542434
1812,4.53,101.873542434
1813,4.5325,101.813610211
1814,4.535,101.873542434
1815,4.5375,101.873542434
1816,4.54,101.873542434
1817,4.5425,101.873542434
1818,4.545,101.873542434
1819,4.5475,101.813610211
1820,4.55,101.813610211
1821,4.5525,101.813610211
1822,4.555,101.873542434
1823,4.5575,101.873542434
1824,4.56,101.873542434
1825,4.5625,101.873542434
1826,4.565,101.813610211
1827,4.5675,101.813610211
1828,4.57,101.873542434
1829,4.5725,101.813610211
1830,4.575,101.813610211
1831,4.5775,101.813610211
1832,4.58,101.813610211
1833,4.5825,101.873542434
1834,4.585,101.873542434
1835,4.5875,101.813610211
1836,4.59,101.813610211
1837,4.5925,101.813610211
1838,4.595,101.813610211
1839,4.5975,101.873542434
1840,4.6,101.873542434
1841,4.6025,101.813610211
1842,4.605,101.873542434
1843,4.6075,101.873542434
1844,4.61,101.873542434
1845,4.6125,101.873542434
1846,4.615,101.873542434
1847,4.6175,101.873542434
1848,4.62,101.813610211
1849,4.6225,101.873542434
1850,4.625,101.873542434
1851,4.6275,101.873542434
1852,4.63,101.873542434
1853,4.6325,101.813610211
1854,4.635,101.873542434
1855,4.6375,101.813610211
1856,4.64,101.813610211
1857,4.6425,101.813610211
1858,4.645,101.873542434
1859,4.6475,101.873542434
1860,4.65,101.873542434
1861,4.6525,101.873542434
1862,4.655,101.873542434
1863,4.6575,101.873542434
1864,4.66,101.873542434
1865,4.6625,101.813610211
1866,4.665,101.813610211
1867,4.6675,101.813610211
1868,4.67,101.873542434
1869,4.6725,101.813610211
1870,4.675,101.813610211
1871,4.6775,101.813610211
1872,4.68,101.873542434
1873,4.6825,101.873542434
1874,4.685,101.873542434
1875,4.6875,101.873542434
1876,4.69,101.873542434
1877,4.6925,101.873542434
1878,4.695,101.813610211
1879,4.6975,101.813610211
1880,4.7,101.873542434
1881,4.7025,101.813610211
1882,4.705,101.813610211
1883,4.7075,101.873542434
1884,4.71,101.873542434
1885,4.7125,101.813610211
1886,4.715,101.873542434
1887,4.7175,101.873542434
1888,4.72,101.873542434
1889,4.7225,101.813610211
1890,4.725,101.873542434
1891,4.7275,101.813610211
1892,4.73,101.873542434
1893,4.7325,101.873542434
1894,4.735,101.873542434
1895,4.7375,101.813610211
1896,4.74,101.873542434
1897,4.7425,101.813610211
1898,4.745,101.873542434
1899,4.7475,101.873542434
1900,4.75,101.873542434
1901,4.7525,101.873542434
1902,4.755,101.873542434
1903,4.7575,101.813610211
1904,4.76,101.813610211
1905,4.7625,101.813610211
1906,4.765,101.813610211
1907,4.7675,101.813610211
1908,4.77,101.813610211
1909,4.7725,101.873542434
1910,4.775,101.873542434
1911,4.7775,101.873542434
1912,4.78,101.873542434
1913,4.7825,101.873542434
1914,4.785,101.873542434
1915,4.7875,101.873542434
1916,4.79,101.873542434
1917,4.7925,101.813610211
1918,4.795,101.813610211
1919,4.7975,101.813610211
1920,4.8,101.813610211
1921,4.8025,101.873542434
1922,4.805,101.813610211
1923,4.8075,101.813610211
1924,4.81,101.873542434
1925,4.8125,101.873542434
1926,4.815,101.813610211
1927,4.8175,101.873542434
1928,4.82,101.873542434
1929,4.8225,101.873542434
1930,4.825,101.813610211
1931,4.8275,101.873542434
1932,4.83,101.813610211
1933,4.8325,101.873542434
1934,4.835,101.813610211
1935,4.8375,101.813610211
1936,4.84,101.813610211
1937,4.8425,101.873542434
1938,4.845,101.873542434
1939,4.8475,101.873542434
1940,4.85,101.873542434
1941,4.8525,101.813610211
1942,4.855,101.873542434
1943,4.8575,101.873542434
1944,4.86,101.873542434
1945,4.8625,101.873542434
1946,4.865,101.813610211
1947,4.8675,101.873542434
1948,4.87,101.873542434
1949,4.8725,101.873542434
1950,4.875,101.873542434
1951,4.8775,101.873542434
1952,4.88,101.873542434
1953,4.8825,101.873542434
1954,4.885,101.873542434
1955,4.8875,101.813610211
1956,4.89,101.873542434
1957,4.8925,101.813610211
1958,4.895,101.813610211
1959,4.8975,101.813610211
1960,4.9,101.813610211
1961,4.9025,101.873542434
1962,4.905,101.873542434
1963,4.9075,101.873542434
1964,4.91,101.873542434
1965,4.9125,101.873542434
1966,4.915,101.873542434
1967,4.9175,101.873542434
1968,4.92,101.873542434
1969,4.9225,101.873542434
1970,4.925,101.813610211
1971,4.9275,101.813610211
1972,4.93,101.873542434
1973,4.9325,101.813610211
1974,4.935,101.813610211
1975,4.9375,101.873542434
1976,4.94,101.813610211
1977,4.9425,101.873542434
1978,4.945,101.873542434
1979,4.9475,101.813610211
1980,4.95,101.873542434
1981,4.9525,101.813610211
1982,4.955,101.813610211
1983,4.9575,101.813610211
1984,4.96,101.873542434
1985,4.9625,101.813610211
1986,4.965,101.873542434
1987,4.9675,101.813610211
1988,4.97,101.813610211
1989,4.9725,101.873542434
1990,4.975,101.873542434
1991,4.9775,101.873542434
1992,4.98,101.873542434
1993,4.9825,101.873542434
1994,4.985,101.873542434
1995,4.9875,101.873542434
1996,4.99,101.873542434
1997,4.9925,101.873542434
1998,4.995,101.813610211
1999,4.9975,101.873542434
2000,5.0,101.813610211
2001,5.0025,101.813610211
2002,5.005,101.873542434
2003,5.0075,101.873542434
2004,5.01,101.873542434
2005,5.0125,101.813610211
2006,5.015,101.813610211
2007,5.0175,101.813610211
2008,5.02,101.813610211
2009,5.0225,101.813610211
2010,5.025,101.813610211
2011,5.0275,101.813610211
2012,5.03,101.813610211
2013,5.0325,101.873542434
2014,5.035,101.873542434
2015,5.0375,101.873542434
2016,5.04,101.873542434
2017,5.0425,101.873542434
2018,5.045,101.873542434
2019,5.0475,101.813610211
2020,5.05,101.873542434
2021,5.0525,101.813610211
2022,5.055,101.873542434
2023,5.0575,101.873542434
2024,5.06,101.813610211
2025,5.0625,101.813610211
2026,5.065,101.873542434
2027,5.0675,101.873542434
2028,5.07,101.873542434
2029,5.0725,101.873542434
2030,5.075,101.873542434
2031,5.0775,101.873542434
2032,5.08,101.873542434
2033,5.0825,101.873542434
2034,5.085,101.813610211
2035,5.0875,101.813610211
2036,5.09,101.813610211
2037,5.0925,101.813610211
2038,5.095,101.813610211
2039,5.0975,101.813610211
2040,5.1,101.813610211
2041,5.1025,101.813610211
2042,5.105,101.873542434
2043,5.1075,101.813610211
2044,5.11,101.873542434
2045,5.1125,101.813610211
2046,5.115,101.873542434
2047,5.1175,101.873542434
2048,5.12,101.873542434
2049,5.1225,101.873542434
2050,5.125,101.873542434
2051,5.1275,101.813610211
2052,5.13,101.873542434
2053,5.1325,101.813610211
2054,5.135,101.813610211
2055,5.1375,101.873542434
2056,5.14,101.873542434
2057,5.1425,101.873542434
2058,5.145,101.873542434
2059,5.1475,101.873542434
2060,5.15,101.813610211
2061,5.1525,101.813610211
2062,5.155,101.813610211
2063,5.1575,101.813610211
2064,5.16,101.813610211
2065,5.1625,101.873542434
2066,5.165,101.873542434
2067,5.1675,101.873542434
2068,5.17,101.873542434
2069,5.1725,101.873542434
2070,5.175,101.873542434
2071,5.1775,101.873542434
2072,5.18,101.813610211
2073,5.1825,101.873542434
2074,5.185,101.813610211
2075,5.1875,101.873542434
2076,5.19,101.873542434
2077,5.1925,101.813610211
2078,5.195,101.813610211
2079,5.1975,101.873542434
2080,5.2,101.813610211
2081,5.2025,101.873542434
2082,5.205,101.873542434
2083,5.2075,101.873542434
2084,5.21,101.873542434
2085,5.2125,101.873542434
2086,5.215,101.813610211
2087,5.2175,101.873542434
2088,5.22,101.813610211
2089,5.2225,101.813610211
2090,5.225,101.873542434
2091,5.2275,101.813610211
2092,5.23,101.813610211
2093,5.2325,101.813610211
2094,5.235,101.873542434
